Run,Date,AGPE130.water,AGHY129.water ,AGHY140.control,AGPE141.control
1,11/6/2014 15:00,0.2218,0.261,0.216,0.1637
2,11/6/2014 21:00,0.2066,0.2545,0.2124,0.1623
3,11/7/2014 3:00,0.2008,0.2523,0.2102,0.1608
4,11/7/2014 9:00,0.2058,0.2538,0.2102,0.1615
5,11/7/2014 15:00,0.2022,0.253,0.2102,0.1579
6,11/7/2014 21:00,0.1971,0.2465,0.2066,0.1557
7,11/8/2014 3:00,0.1942,0.2458,0.2037,0.155
8,11/8/2014 9:00,0.2051,0.2509,0.2051,0.1572
9,11/8/2014 15:00,0.2015,0.2501,0.2066,0.1557
10,11/8/2014 21:00,0.1957,0.2443,0.2022,0.1528
11,11/9/2014 3:00,0.1935,0.2429,0.2,0.1521
12,11/9/2014 9:00,0.2044,0.2494,0.2008,0.1535
13,11/9/2014 15:00,0.2,0.248,0.2029,0.1521
14,11/9/2014 21:00,0.1935,0.2422,0.1986,0.1499
15,11/10/2014 3:00,0.1913,0.24,0.1971,0.1492
16,11/10/2014 9:00,0.2037,0.2494,0.1986,0.1521
17,11/10/2014 15:00,0.2,0.248,0.2008,0.1499
18,11/10/2014 21:00,0.1942,0.2422,0.1978,0.1477
19,11/11/2014 3:00,0.1928,0.24,0.1971,0.1485
20,11/11/2014 9:00,0.2051,0.248,0.1971,0.1485
21,11/11/2014 15:00,0.1978,0.2465,0.1971,0.1463
22,11/11/2014 21:00,0.1928,0.2407,0.1935,0.1456
23,11/12/2014 3:00,0.1906,0.2378,0.1928,0.1448
24,11/12/2014 9:00,0.2029,0.2443,0.192,0.1456
25,11/12/2014 15:00,0.1978,0.2429,0.1942,0.1434
26,11/12/2014 21:00,0.1928,0.2385,0.1906,0.1419
27,11/13/2014 3:00,0.1899,0.2371,0.1899,0.1419
28,11/13/2014 9:00,0.2029,0.2422,0.1899,0.1426
29,11/13/2014 15:00,0.1964,0.24,0.1899,0.139
30,11/13/2014 21:00,0.1913,0.2356,0.187,0.1376
31,11/14/2014 3:00,0.1884,0.2334,0.1862,0.1368
32,11/14/2014 9:00,0.1935,0.2378,0.1862,0.139
33,11/14/2014 15:00,0.1913,0.2363,0.187,0.1361
34,11/14/2014 21:00,0.1877,0.2334,0.1862,0.1368
35,11/15/2014 3:00,0.187,0.2313,0.1855,0.1376
36,11/15/2014 9:00,0.2008,0.24,0.1855,0.1376
37,11/15/2014 15:00,0.1949,0.2385,0.1855,0.1354
38,11/15/2014 21:00,0.1913,0.2363,0.1848,0.1368
39,11/16/2014 3:00,0.2516,0.2618,0.2639,0.2167
40,11/16/2014 9:00,0.2175,0.2596,0.2509,0.1935
41,11/16/2014 15:00,0.2102,0.2567,0.2443,0.1877
42,11/16/2014 21:00,0.2073,0.2545,0.2363,0.1833
43,11/17/2014 3:00,0.2037,0.2516,0.232,0.1775
44,11/17/2014 9:00,0.2102,0.256,0.2291,0.1768
45,11/17/2014 15:00,0.208,0.2552,0.2269,0.1768
46,11/17/2014 21:00,0.2022,0.2501,0.2218,0.1702
47,11/18/2014 3:00,0.2,0.248,0.2189,0.1688
48,11/18/2014 9:00,0.2008,0.248,0.2167,0.1702
49,11/18/2014 15:00,0.1993,0.248,0.2182,0.171
50,11/18/2014 21:00,0.1949,0.2429,0.2131,0.1652
51,11/19/2014 3:00,0.1935,0.2414,0.2109,0.1637
52,11/19/2014 9:00,0.1949,0.2422,0.2116,0.1666
53,11/19/2014 15:00,0.1971,0.2436,0.2146,0.1688
54,11/19/2014 21:00,0.1928,0.2392,0.2095,0.1637
55,11/20/2014 3:00,0.192,0.2378,0.208,0.163
56,11/20/2014 9:00,0.1928,0.2385,0.2087,0.1652
57,11/20/2014 15:00,0.1949,0.24,0.2109,0.1673
58,11/20/2014 21:00,0.1928,0.2378,0.2087,0.1652
59,11/21/2014 3:00,0.2008,0.2422,0.2225,0.1833
60,11/21/2014 9:00,0.2066,0.2487,0.2225,0.1819
61,11/21/2014 15:00,0.2284,0.2589,0.2523,0.2066
62,11/21/2014 21:00,0.2182,0.2574,0.2494,0.2029
63,11/22/2014 3:00,0.2167,0.2574,0.2458,0.1928
64,11/22/2014 9:00,0.2124,0.2567,0.2429,0.1906
65,11/22/2014 15:00,0.2131,0.2574,0.2385,0.1884
66,11/22/2014 21:00,0.2363,0.261,0.2501,0.2022
67,11/23/2014 3:00,0.256,0.2654,0.2741,0.224
68,11/23/2014 9:00,0.2291,0.2625,0.2581,0.2095
69,11/23/2014 15:00,0.224,0.2654,0.253,0.2044
70,11/23/2014 21:00,0.2167,0.2581,0.2472,0.1949
71,11/24/2014 3:00,0.2124,0.2552,0.2422,0.1906
72,11/24/2014 9:00,0.2109,0.2545,0.2392,0.1899
73,11/24/2014 15:00,0.2116,0.2545,0.2371,0.1891
74,11/24/2014 21:00,0.2051,0.248,0.2305,0.1826
75,11/25/2014 3:00,0.2022,0.2451,0.2276,0.1797
76,11/25/2014 9:00,0.2029,0.2451,0.2269,0.1819
77,11/25/2014 15:00,0.2051,0.248,0.2269,0.184
78,11/25/2014 21:00,0.2,0.2422,0.2218,0.1775
79,11/26/2014 3:00,0.1978,0.2407,0.2204,0.1761
80,11/26/2014 9:00,0.1986,0.2407,0.2211,0.179
81,11/26/2014 15:00,0.2015,0.2429,0.2225,0.1811
82,11/26/2014 21:00,0.1971,0.2378,0.2175,0.1746
83,11/27/2014 3:00,0.1942,0.2349,0.2153,0.1732
84,11/27/2014 9:00,0.1949,0.2363,0.216,0.1753
85,11/27/2014 15:00,0.1971,0.2385,0.2167,0.1768
86,11/27/2014 21:00,0.192,0.2334,0.2124,0.171
87,11/28/2014 3:00,0.1913,0.2313,0.2116,0.1695
88,11/28/2014 9:00,0.192,0.2327,0.2116,0.1724
89,11/28/2014 15:00,0.1957,0.2356,0.2138,0.1768
90,11/28/2014 21:00,0.192,0.2313,0.2116,0.1724
91,11/29/2014 3:00,0.1913,0.2305,0.2109,0.171
92,11/29/2014 9:00,0.1935,0.2327,0.2116,0.1746
93,11/29/2014 15:00,0.1957,0.2349,0.2138,0.1775
94,11/29/2014 21:00,0.192,0.2313,0.2109,0.1724
95,11/30/2014 3:00,0.192,0.2305,0.2102,0.1732
96,11/30/2014 9:00,0.192,0.232,0.2116,0.1746
97,11/30/2014 15:00,0.1949,0.2334,0.2116,0.1768
98,11/30/2014 21:00,0.1913,0.2291,0.2095,0.1717
99,12/1/2014 3:00,0.1899,0.2269,0.208,0.1702
100,12/1/2014 9:00,0.1913,0.2291,0.208,0.1717
101,12/1/2014 15:00,0.1899,0.2276,0.2066,0.1702
102,12/1/2014 21:00,0.1891,0.2254,0.2051,0.1673
103,12/2/2014 3:00,0.187,0.224,0.2044,0.1666
104,12/2/2014 9:00,0.187,0.2233,0.2037,0.1666
105,12/2/2014 15:00,0.187,0.224,0.2044,0.1673
106,12/2/2014 21:00,0.1855,0.2225,0.2029,0.1659
107,12/3/2014 3:00,0.1855,0.2218,0.2029,0.1666
108,12/3/2014 9:00,0.1862,0.2225,0.2037,0.1673
109,12/3/2014 15:00,0.208,0.2385,0.2051,0.171
110,12/3/2014 21:00,0.1986,0.2327,0.2022,0.1666
111,12/4/2014 3:00,0.1964,0.2313,0.2022,0.1673
112,12/4/2014 9:00,0.2102,0.2451,0.2022,0.1673
113,12/4/2014 15:00,0.2066,0.2443,0.2044,0.1695
114,12/4/2014 21:00,0.2037,0.24,0.2022,0.1673
115,12/5/2014 3:00,0.2008,0.2385,0.2015,0.1673
116,12/5/2014 9:00,0.2138,0.2509,0.2029,0.1695
117,12/5/2014 15:00,0.2109,0.2509,0.2044,0.1732
118,12/5/2014 21:00,0.2058,0.2443,0.2015,0.1688
119,12/6/2014 3:00,0.2029,0.2414,0.2008,0.1673
120,12/6/2014 9:00,0.2138,0.248,0.2008,0.1673
121,12/6/2014 15:00,0.2087,0.2465,0.2008,0.1666
122,12/6/2014 21:00,0.2051,0.2429,0.1993,0.1652
123,12/7/2014 3:00,0.2029,0.24,0.1986,0.1644
124,12/7/2014 9:00,0.2131,0.2494,0.1986,0.1652
125,12/7/2014 15:00,0.2095,0.2472,0.1986,0.1644
126,12/7/2014 21:00,0.2044,0.2414,0.1971,0.1615
127,12/8/2014 3:00,0.2008,0.2385,0.1942,0.1594
128,12/8/2014 9:00,0.2131,0.2501,0.1949,0.1608
129,12/8/2014 15:00,0.2102,0.2494,0.1971,0.1637
130,12/8/2014 21:00,0.2044,0.2422,0.1935,0.1586
131,12/9/2014 3:00,0.2015,0.2392,0.1913,0.1572
132,12/9/2014 9:00,0.2167,0.2458,0.1928,0.1586
133,12/9/2014 15:00,0.2109,0.2472,0.1957,0.163
134,12/9/2014 21:00,0.2051,0.2414,0.192,0.1572
135,12/10/2014 3:00,0.2029,0.2385,0.1913,0.1557
136,12/10/2014 9:00,0.2146,0.248,0.1913,0.1579
137,12/10/2014 15:00,0.2109,0.248,0.1935,0.1608
138,12/10/2014 21:00,0.2066,0.2436,0.1913,0.1579
139,12/11/2014 3:00,0.2051,0.2407,0.1928,0.1623
140,12/11/2014 9:00,0.2167,0.2509,0.1949,0.1652
141,12/11/2014 15:00,0.2116,0.2494,0.1949,0.1644
142,12/11/2014 21:00,0.208,0.2451,0.1935,0.163
143,12/12/2014 3:00,0.2058,0.2429,0.1935,0.1623
144,12/12/2014 9:00,0.2167,0.2516,0.1949,0.1644
145,12/12/2014 15:00,0.2131,0.2509,0.1957,0.1659
146,12/12/2014 21:00,0.208,0.2458,0.1935,0.1608
147,12/13/2014 3:00,0.2044,0.2429,0.192,0.1594
148,12/13/2014 9:00,0.2175,0.2516,0.1928,0.1608
149,12/13/2014 15:00,0.2124,0.2523,0.1942,0.1644
150,12/13/2014 21:00,0.2073,0.2458,0.1913,0.1586
151,12/14/2014 3:00,0.2058,0.2429,0.192,0.1601
152,12/14/2014 9:00,0.2153,0.253,0.1928,0.1623
153,12/14/2014 15:00,0.2116,0.2509,0.1935,0.163
154,12/14/2014 21:00,0.208,0.2472,0.1928,0.1615
155,12/15/2014 3:00,0.2196,0.253,0.2131,0.1855
156,12/15/2014 9:00,0.2189,0.2552,0.2066,0.1811
157,12/15/2014 15:00,0.2146,0.2538,0.2022,0.1768
158,12/15/2014 21:00,0.208,0.2458,0.1964,0.1681
159,12/16/2014 3:00,0.2044,0.2429,0.1942,0.1644
160,12/16/2014 9:00,0.2138,0.2538,0.1949,0.1652
161,12/16/2014 15:00,0.2116,0.2516,0.1949,0.1666
162,12/16/2014 21:00,0.2058,0.2443,0.1913,0.1601
163,12/17/2014 3:00,0.2029,0.2422,0.1906,0.1586
164,12/17/2014 9:00,0.2146,0.2509,0.1913,0.1615
165,12/17/2014 15:00,0.2109,0.248,0.192,0.1623
166,12/17/2014 21:00,0.208,0.2451,0.1913,0.1615
167,12/18/2014 3:00,0.2058,0.2436,0.1913,0.1623
168,12/18/2014 9:00,0.2153,0.2509,0.1928,0.163
169,12/18/2014 15:00,0.2116,0.2501,0.1928,0.1637
170,12/18/2014 21:00,0.208,0.2458,0.192,0.1615
171,12/19/2014 3:00,0.2182,0.2451,0.2029,0.1928
172,12/19/2014 9:00,0.2276,0.2545,0.2501,0.2138
173,12/19/2014 15:00,0.2204,0.2538,0.2407,0.2008
174,12/19/2014 21:00,0.2131,0.2509,0.2349,0.1942
175,12/20/2014 3:00,0.2109,0.2494,0.2313,0.1906
176,12/20/2014 9:00,0.2175,0.2538,0.2284,0.1884
177,12/20/2014 15:00,0.2138,0.2523,0.2262,0.187
178,12/20/2014 21:00,0.2095,0.2465,0.2218,0.1819
179,12/21/2014 3:00,0.2073,0.2451,0.2204,0.1804
180,12/21/2014 9:00,0.216,0.2523,0.2196,0.1811
181,12/21/2014 15:00,0.2138,0.2516,0.2189,0.1833
182,12/21/2014 21:00,0.2095,0.2472,0.2175,0.179
183,12/22/2014 3:00,0.208,0.2451,0.2175,0.1797
184,12/22/2014 9:00,0.216,0.2538,0.2167,0.1804
185,12/22/2014 15:00,0.2146,0.2523,0.2167,0.1826
186,12/22/2014 21:00,0.2087,0.2458,0.2146,0.1775
187,12/23/2014 3:00,0.2058,0.2436,0.2124,0.1746
188,12/23/2014 9:00,0.2153,0.2516,0.2131,0.1761
189,12/23/2014 15:00,0.2138,0.2509,0.2146,0.1811
190,12/23/2014 21:00,0.2087,0.2458,0.2116,0.1746
191,12/24/2014 3:00,0.2058,0.2429,0.2102,0.1724
192,12/24/2014 9:00,0.2153,0.2516,0.2102,0.1739
193,12/24/2014 15:00,0.2124,0.2494,0.2102,0.1753
194,12/24/2014 21:00,0.2066,0.2429,0.2073,0.1695
195,12/25/2014 3:00,0.2037,0.24,0.2058,0.1681
196,12/25/2014 9:00,0.2029,0.24,0.2066,0.1702
197,12/25/2014 15:00,0.2051,0.2436,0.208,0.1753
198,12/25/2014 21:00,0.2022,0.2385,0.2051,0.1695
199,12/26/2014 3:00,0.2022,0.2378,0.2044,0.1695
200,12/26/2014 9:00,0.2109,0.2458,0.2058,0.1724
201,12/26/2014 15:00,0.2087,0.2458,0.2066,0.1746
202,12/26/2014 21:00,0.2051,0.2422,0.2073,0.1739
203,12/27/2014 3:00,0.2037,0.2407,0.2066,0.1739
204,12/27/2014 9:00,0.2175,0.2509,0.2124,0.1819
205,12/27/2014 15:00,0.2218,0.2545,0.2501,0.208
206,12/27/2014 21:00,0.2146,0.2509,0.2414,0.1971
207,12/28/2014 3:00,0.2095,0.2465,0.2385,0.1928
208,12/28/2014 9:00,0.2349,0.2545,0.2494,0.2109
209,12/28/2014 15:00,0.2371,0.256,0.256,0.2131
210,12/28/2014 21:00,0.2204,0.2538,0.2494,0.2008
211,12/29/2014 3:00,0.2146,0.2494,0.2451,0.1949
212,12/29/2014 9:00,0.2182,0.2523,0.2436,0.1928
213,12/29/2014 15:00,0.2146,0.2509,0.2407,0.1899
214,12/29/2014 21:00,0.2116,0.248,0.2385,0.187
215,12/30/2014 3:00,0.2095,0.2465,0.2356,0.1855
216,12/30/2014 9:00,0.2146,0.2516,0.2334,0.184
217,12/30/2014 15:00,0.2116,0.2487,0.2305,0.1826
218,12/30/2014 21:00,0.2073,0.2443,0.2276,0.1782
219,12/31/2014 3:00,0.2058,0.2422,0.2262,0.1768
220,12/31/2014 9:00,0.2124,0.2494,0.2247,0.1782
221,12/31/2014 15:00,0.2116,0.2472,0.224,0.1782
222,12/31/2014 21:00,0.208,0.2443,0.2218,0.1761
223,1/1/2015 3:00,0.2124,0.2458,0.2284,0.1899
224,1/1/2015 9:00,0.253,0.2589,0.2785,0.24
225,1/1/2015 15:00,0.2349,0.2567,0.277,0.2189
226,1/1/2015 21:00,0.2523,0.2618,0.2814,0.2284
227,1/2/2015 3:00,0.2254,0.2574,0.2727,0.2102
228,1/2/2015 9:00,0.2196,0.2552,0.2545,0.2022
229,1/2/2015 15:00,0.2167,0.253,0.2494,0.1978
230,1/2/2015 21:00,0.2211,0.2552,0.2567,0.2015
231,1/3/2015 3:00,0.253,0.2603,0.2828,0.2443
232,1/3/2015 9:00,0.24,0.2603,0.2814,0.2458
233,1/3/2015 15:00,0.224,0.2574,0.2676,0.2102
234,1/3/2015 21:00,0.2167,0.2516,0.2552,0.2
235,1/4/2015 3:00,0.2146,0.2494,0.2509,0.1942
236,1/4/2015 9:00,0.2175,0.2509,0.2494,0.1942
237,1/4/2015 15:00,0.2167,0.2538,0.2451,0.1935
238,1/4/2015 21:00,0.2116,0.2472,0.24,0.1862
239,1/5/2015 3:00,0.2095,0.2458,0.2363,0.1833
240,1/5/2015 9:00,0.2073,0.2443,0.2349,0.184
241,1/5/2015 15:00,0.2095,0.248,0.2342,0.1877
242,1/5/2015 21:00,0.2051,0.2407,0.2291,0.1804
243,1/6/2015 3:00,0.2037,0.2392,0.2276,0.179
244,1/6/2015 9:00,0.2037,0.2392,0.2276,0.1811
245,1/6/2015 15:00,0.2073,0.2443,0.2291,0.187
246,1/6/2015 21:00,0.2029,0.2385,0.224,0.1797
247,1/7/2015 3:00,0.2022,0.2363,0.2225,0.1775
248,1/7/2015 9:00,0.2153,0.2458,0.2233,0.1797
249,1/7/2015 15:00,0.2131,0.2458,0.2225,0.1811
250,1/7/2015 21:00,0.2066,0.24,0.2189,0.1746
251,1/8/2015 3:00,0.2037,0.2378,0.2175,0.1724
252,1/8/2015 9:00,0.2022,0.2378,0.2167,0.1732
253,1/8/2015 15:00,0.2029,0.24,0.2167,0.1768
254,1/8/2015 21:00,0.2008,0.2349,0.2153,0.1724
255,1/9/2015 3:00,0.2,0.2334,0.2146,0.1739
256,1/9/2015 9:00,0.2182,0.2443,0.2196,0.1891
257,1/9/2015 15:00,0.2189,0.2458,0.2254,0.1913
258,1/9/2015 21:00,0.2131,0.2429,0.224,0.1855
259,1/10/2015 3:00,0.2102,0.2422,0.2225,0.1826
260,1/10/2015 9:00,0.2182,0.2472,0.2211,0.1826
261,1/10/2015 15:00,0.2138,0.2443,0.2196,0.1819
262,1/10/2015 21:00,0.2109,0.2422,0.2211,0.1826
263,1/11/2015 3:00,0.2087,0.2414,0.2204,0.1804
264,1/11/2015 9:00,0.2356,0.2523,0.2581,0.2153
265,1/11/2015 15:00,0.2363,0.2538,0.269,0.2196
266,1/11/2015 21:00,0.2189,0.2509,0.2545,0.2066
267,1/12/2015 3:00,0.216,0.2487,0.2494,0.2
268,1/12/2015 9:00,0.2189,0.2509,0.2465,0.1964
269,1/12/2015 15:00,0.2153,0.2472,0.2167,0.1949
270,1/12/2015 21:00,0.2131,0.2458,0.2146,0.192
271,1/13/2015 3:00,0.2109,0.2451,0.2131,0.1906
272,1/13/2015 9:00,0.2102,0.2487,0.2124,0.2124
273,1/13/2015 15:00,0.208,0.248,0.2146,0.2175
274,1/13/2015 21:00,0.2029,0.2451,0.2116,0.216
275,1/14/2015 3:00,0.2008,0.2422,0.208,0.2138
276,1/14/2015 9:00,0.2218,0.2465,0.208,0.2146
277,1/14/2015 15:00,0.2167,0.2458,0.2102,0.2146
278,1/14/2015 21:00,0.2116,0.2429,0.2073,0.2124
279,1/15/2015 3:00,0.2102,0.2414,0.2058,0.2124
280,1/15/2015 9:00,0.2189,0.2465,0.2058,0.2124
281,1/15/2015 15:00,0.2175,0.2465,0.2,0.2153
282,1/15/2015 21:00,0.2087,0.2407,0.1928,0.2073
283,1/16/2015 3:00,0.2066,0.2378,0.1913,0.2058
284,1/16/2015 9:00,0.2087,0.2378,0.1928,0.208
285,1/16/2015 15:00,0.2109,0.2407,0.1964,0.2131
286,1/16/2015 21:00,0.2037,0.2356,0.1906,0.2058
287,1/17/2015 3:00,0.2022,0.2327,0.1891,0.2044
288,1/17/2015 9:00,0.2037,0.2436,0.1913,0.2066
289,1/17/2015 15:00,0.2066,0.2443,0.1949,0.2116
290,1/17/2015 21:00,0.1993,0.2385,0.1884,0.2051
291,1/18/2015 3:00,0.1978,0.2356,0.187,0.2037
292,1/18/2015 9:00,0.2,0.2371,0.1899,0.2058
293,1/18/2015 15:00,0.2037,0.2392,0.1942,0.2116
294,1/18/2015 21:00,0.1942,0.2327,0.1862,0.2015
295,1/19/2015 3:00,0.1935,0.2305,0.1848,0.2008
296,1/19/2015 9:00,0.1949,0.232,0.1877,0.2037
297,1/19/2015 15:00,0.2,0.2363,0.1928,0.2102
298,1/19/2015 21:00,0.1913,0.2305,0.1848,0.2015
299,1/20/2015 3:00,0.1913,0.2291,0.1848,0.2008
300,1/20/2015 9:00,0.2131,0.2451,0.1884,0.2044
301,1/20/2015 15:00,0.2153,0.2451,0.1928,0.2109
302,1/20/2015 21:00,0.2051,0.2378,0.1855,0.2022
303,1/21/2015 3:00,0.2044,0.2349,0.1855,0.2022
304,1/21/2015 9:00,0.2189,0.2487,0.187,0.2037
305,1/21/2015 15:00,0.2124,0.2429,0.1862,0.2029
306,1/21/2015 21:00,0.208,0.2371,0.1848,0.2015
307,1/22/2015 3:00,0.2073,0.2371,0.1862,0.2044
308,1/22/2015 9:00,0.2516,0.2603,0.2538,0.2676
309,1/22/2015 15:00,0.2698,0.2705,0.2545,0.2806
310,1/22/2015 21:00,0.2494,0.256,0.2552,0.2719
311,1/23/2015 3:00,0.2204,0.2509,0.2429,0.2632
312,1/23/2015 9:00,0.2247,0.2516,0.2305,0.2574
313,1/23/2015 15:00,0.2225,0.2509,0.2305,0.256
314,1/23/2015 21:00,0.2138,0.2458,0.2254,0.2509
315,1/24/2015 3:00,0.2116,0.2443,0.2218,0.2465
316,1/24/2015 9:00,0.2124,0.2451,0.2262,0.2465
317,1/24/2015 15:00,0.2189,0.2465,0.2276,0.2509
318,1/24/2015 21:00,0.2087,0.2407,0.2182,0.2407
319,1/25/2015 3:00,0.208,0.2385,0.2167,0.2371
320,1/25/2015 9:00,0.2254,0.2494,0.2189,0.24
321,1/25/2015 15:00,0.2204,0.2465,0.2218,0.2422
322,1/25/2015 21:00,0.2095,0.2407,0.2124,0.2313
323,1/26/2015 3:00,0.208,0.2378,0.2102,0.2291
324,1/26/2015 9:00,0.2247,0.2494,0.2131,0.232
325,1/26/2015 15:00,0.2218,0.2465,0.216,0.2349
326,1/26/2015 21:00,0.2095,0.2392,0.2073,0.2254
327,1/27/2015 3:00,0.2073,0.2371,0.2066,0.224
328,1/27/2015 9:00,0.2262,0.2494,0.2102,0.2262
329,1/27/2015 15:00,0.2233,0.2472,0.2138,0.232
330,1/27/2015 21:00,0.2095,0.2392,0.2044,0.2211
331,1/28/2015 3:00,0.208,0.2363,0.2029,0.2196
332,1/28/2015 9:00,0.2254,0.2487,0.2073,0.2225
333,1/28/2015 15:00,0.2233,0.2458,0.2102,0.2276
334,1/28/2015 21:00,0.2109,0.2385,0.2015,0.2182
335,1/29/2015 3:00,0.2087,0.2371,0.2015,0.2175
336,1/29/2015 9:00,0.2262,0.2494,0.2044,0.2211
337,1/29/2015 15:00,0.2218,0.2458,0.208,0.2247
338,1/29/2015 21:00,0.2116,0.2385,0.2,0.2167
339,1/30/2015 3:00,0.2087,0.2363,0.1978,0.2138
340,1/30/2015 9:00,0.2225,0.2451,0.1986,0.2138
341,1/30/2015 15:00,0.2189,0.2429,0.2015,0.2175
342,1/30/2015 21:00,0.2095,0.2363,0.1949,0.2102
343,1/31/2015 3:00,0.2073,0.2334,0.1935,0.2095
344,1/31/2015 9:00,0.2233,0.2465,0.1957,0.2116
345,1/31/2015 15:00,0.2175,0.2429,0.1978,0.2138
346,1/31/2015 21:00,0.2116,0.2378,0.1942,0.2109
347,2/1/2015 3:00,0.2109,0.2363,0.1957,0.2131
348,2/1/2015 9:00,0.2262,0.2487,0.1986,0.2167
349,2/1/2015 15:00,0.2196,0.2451,0.1986,0.2175
350,2/1/2015 21:00,0.2109,0.2385,0.192,0.2087
351,2/2/2015 3:00,0.208,0.2342,0.1906,0.2058
352,2/2/2015 9:00,0.2233,0.2422,0.192,0.2073
353,2/2/2015 15:00,0.2175,0.24,0.1942,0.2102
354,2/2/2015 21:00,0.2087,0.2334,0.1877,0.2022
355,2/3/2015 3:00,0.208,0.232,0.1877,0.2037
356,2/3/2015 9:00,0.2233,0.2451,0.1899,0.2051
357,2/3/2015 15:00,0.2218,0.2429,0.192,0.208
358,2/3/2015 21:00,0.2138,0.2385,0.1884,0.2044
359,2/4/2015 3:00,0.2124,0.2356,0.1884,0.2051
360,2/4/2015 9:00,0.2131,0.2349,0.1913,0.2116
361,2/4/2015 15:00,0.2131,0.2363,0.1913,0.2116
362,2/4/2015 21:00,0.2102,0.2334,0.1899,0.2087
363,2/5/2015 3:00,0.2095,0.232,0.1899,0.2087
364,2/5/2015 9:00,0.2102,0.2327,0.1935,0.2131
365,2/5/2015 15:00,0.2109,0.232,0.1928,0.2146
366,2/5/2015 21:00,0.208,0.2305,0.1906,0.2109
367,2/6/2015 3:00,0.2066,0.2291,0.1906,0.2095
368,2/6/2015 9:00,0.2073,0.2298,0.1913,0.2102
369,2/6/2015 15:00,0.208,0.2313,0.1906,0.2109
370,2/6/2015 21:00,0.2029,0.2276,0.187,0.2058
371,2/7/2015 3:00,0.2022,0.2254,0.1862,0.2044
372,2/7/2015 9:00,0.2044,0.2269,0.1899,0.208
373,2/7/2015 15:00,0.2073,0.2305,0.1928,0.2124
374,2/7/2015 21:00,0.1986,0.2247,0.1862,0.2037
375,2/8/2015 3:00,0.1986,0.2247,0.187,0.2044
376,2/8/2015 9:00,0.2,0.2262,0.1884,0.2073
377,2/8/2015 15:00,0.2022,0.2291,0.1913,0.2102
378,2/8/2015 21:00,0.1957,0.2233,0.1855,0.2037
379,2/9/2015 3:00,0.1942,0.2218,0.184,0.2015
380,2/9/2015 9:00,0.1964,0.2247,0.1884,0.2051
381,2/9/2015 15:00,0.1993,0.2254,0.1899,0.2073
382,2/9/2015 21:00,0.1877,0.2189,0.1804,0.1942
383,2/10/2015 3:00,0.187,0.2167,0.1797,0.1935
384,2/10/2015 9:00,0.1891,0.2182,0.1833,0.1971
385,2/10/2015 15:00,0.1935,0.2218,0.1877,0.2029
386,2/10/2015 21:00,0.1826,0.2153,0.1782,0.1913
387,2/11/2015 3:00,0.1826,0.2138,0.1775,0.1906
388,2/11/2015 9:00,0.1862,0.216,0.1819,0.1957
389,2/11/2015 15:00,0.1906,0.2204,0.1855,0.2015
390,2/11/2015 21:00,0.1797,0.2131,0.1768,0.1906
391,2/12/2015 3:00,0.1797,0.2124,0.1768,0.1899
392,2/12/2015 9:00,0.1819,0.2131,0.179,0.192
393,2/12/2015 15:00,0.1833,0.2138,0.1797,0.1935
394,2/12/2015 21:00,0.1739,0.2066,0.1717,0.1833
395,2/13/2015 3:00,0.1739,0.2058,0.1702,0.1826
396,2/13/2015 9:00,0.1768,0.2073,0.1746,0.1862
397,2/13/2015 15:00,0.1797,0.2102,0.179,0.1906
398,2/13/2015 21:00,0.1695,0.2022,0.1695,0.1804
399,2/14/2015 3:00,0.1702,0.2015,0.1695,0.1804
400,2/14/2015 9:00,0.1739,0.2044,0.1739,0.1848
401,2/14/2015 15:00,0.1782,0.2066,0.1775,0.1899
402,2/14/2015 21:00,0.1666,0.1978,0.1666,0.1768
403,2/15/2015 3:00,0.1673,0.1971,0.1673,0.1775
404,2/15/2015 9:00,0.1717,0.1993,0.171,0.1819
405,2/15/2015 15:00,0.1688,0.2008,0.1695,0.1819
406,2/15/2015 21:00,0.1884,0.2138,0.187,0.2073
407,2/16/2015 3:00,0.1971,0.2196,0.1906,0.2189
408,2/16/2015 9:00,0.2291,0.2342,0.2066,0.2407
409,2/16/2015 15:00,0.2305,0.2458,0.2153,0.248
410,2/16/2015 21:00,0.2131,0.2385,0.2058,0.2363
411,2/17/2015 3:00,0.2073,0.2349,0.2,0.2284
412,2/17/2015 9:00,0.208,0.2334,0.1986,0.2254
413,2/17/2015 15:00,0.2124,0.2349,0.2022,0.2298
414,2/17/2015 21:00,0.2029,0.2276,0.192,0.2182
415,2/18/2015 3:00,0.2022,0.2247,0.1913,0.2153
416,2/18/2015 9:00,0.2044,0.2276,0.1949,0.2189
417,2/18/2015 15:00,0.2051,0.2291,0.1942,0.2189
418,2/18/2015 21:00,0.1971,0.2233,0.1877,0.2095
419,2/19/2015 3:00,0.1964,0.2211,0.1855,0.208
420,2/19/2015 9:00,0.1993,0.2218,0.1891,0.2095
421,2/19/2015 15:00,0.2015,0.224,0.1906,0.2131
422,2/19/2015 21:00,0.1913,0.2189,0.1826,0.2029
423,2/20/2015 3:00,0.1913,0.2189,0.184,0.2037
424,2/20/2015 9:00,0.192,0.2196,0.1855,0.2058
425,2/20/2015 15:00,0.1935,0.2225,0.187,0.2102
426,2/20/2015 21:00,0.1928,0.2218,0.1862,0.2102
427,2/21/2015 3:00,0.1935,0.2218,0.187,0.2102
428,2/21/2015 9:00,0.1935,0.2218,0.187,0.2109
429,2/21/2015 15:00,0.2066,0.2298,0.1986,0.2269
430,2/21/2015 21:00,0.2008,0.2262,0.192,0.2196
431,2/22/2015 3:00,0.1986,0.224,0.1891,0.2146
432,2/22/2015 9:00,0.1978,0.2233,0.1877,0.2124
433,2/22/2015 15:00,0.1971,0.2225,0.1862,0.2102
434,2/22/2015 21:00,0.2284,0.2356,0.2044,0.2371
435,2/23/2015 3:00,0.2109,0.2349,0.1986,0.2305
436,2/23/2015 9:00,0.2058,0.232,0.1949,0.2247
437,2/23/2015 15:00,0.2066,0.232,0.1964,0.2247
438,2/23/2015 21:00,0.2051,0.2305,0.1928,0.2225
439,2/24/2015 3:00,0.2029,0.2284,0.1913,0.2189
440,2/24/2015 9:00,0.2029,0.2276,0.1913,0.2189
441,2/24/2015 15:00,0.2044,0.2284,0.192,0.2189
442,2/24/2015 21:00,0.2022,0.2269,0.1891,0.216
443,2/25/2015 3:00,0.2015,0.2262,0.1906,0.2167
444,2/25/2015 9:00,0.2494,0.2516,0.2298,0.253
445,2/25/2015 15:00,0.2225,0.2472,0.2146,0.2458
446,2/25/2015 21:00,0.2109,0.2429,0.2066,0.2363
447,2/26/2015 3:00,0.2073,0.2392,0.2037,0.2327
448,2/26/2015 9:00,0.208,0.2392,0.2044,0.2327
449,2/26/2015 15:00,0.2066,0.2385,0.2022,0.2305
450,2/26/2015 21:00,0.2037,0.2342,0.1986,0.2254
451,2/27/2015 3:00,0.2037,0.2334,0.1971,0.2247
452,2/27/2015 9:00,0.2051,0.2334,0.1978,0.2247
453,2/27/2015 15:00,0.2029,0.2327,0.1964,0.2225
454,2/27/2015 21:00,0.2,0.2298,0.1942,0.2196
455,2/28/2015 3:00,0.2,0.2291,0.1935,0.2189
456,2/28/2015 9:00,0.2008,0.2284,0.1935,0.2189
457,2/28/2015 15:00,0.2015,0.2291,0.1957,0.2204
458,2/28/2015 21:00,0.1978,0.2291,0.1935,0.2182
459,3/1/2015 3:00,0.2051,0.232,0.1993,0.2262
460,3/1/2015 9:00,0.2051,0.2327,0.1986,0.2247
461,3/1/2015 15:00,0.2073,0.2342,0.2,0.2276
462,3/1/2015 21:00,0.2327,0.2451,0.2116,0.2414
463,3/2/2015 3:00,0.2167,0.2429,0.2073,0.2363
464,3/2/2015 9:00,0.2124,0.2414,0.2058,0.2342
465,3/2/2015 15:00,0.2116,0.2407,0.2044,0.2327
466,3/2/2015 21:00,0.2087,0.2385,0.2022,0.2298
467,3/3/2015 3:00,0.208,0.2378,0.2022,0.2291
468,3/3/2015 9:00,0.2095,0.2378,0.2044,0.2305
469,3/3/2015 15:00,0.2131,0.24,0.2058,0.2334
470,3/3/2015 21:00,0.208,0.2371,0.2015,0.2291
471,3/4/2015 3:00,0.2073,0.2363,0.2,0.2276
472,3/4/2015 9:00,0.2087,0.2371,0.2015,0.2291
473,3/4/2015 15:00,0.2102,0.2371,0.2037,0.2291
474,3/4/2015 21:00,0.2472,0.2436,0.216,0.2443
475,3/5/2015 3:00,0.2567,0.256,0.2451,0.2545
476,3/5/2015 9:00,0.2189,0.2494,0.2131,0.2414
477,3/5/2015 15:00,0.2175,0.2472,0.2153,0.2414
478,3/5/2015 21:00,0.2066,0.2385,0.2044,0.2305
479,3/6/2015 3:00,0.2058,0.2378,0.2022,0.2269
480,3/6/2015 9:00,0.2087,0.2385,0.2066,0.2313
481,3/6/2015 15:00,0.2182,0.2436,0.2095,0.2334
482,3/6/2015 21:00,0.2044,0.2349,0.1978,0.2211
483,3/7/2015 3:00,0.2029,0.2327,0.1964,0.2189
484,3/7/2015 9:00,0.2066,0.2349,0.2022,0.224
485,3/7/2015 15:00,0.2204,0.2458,0.2029,0.2247
486,3/7/2015 21:00,0.2095,0.2371,0.1971,0.2189
487,3/8/2015 3:00,0.208,0.2356,0.1964,0.2182
488,3/8/2015 9:00,0.2574,0.2552,0.2422,0.2567
489,3/8/2015 15:00,0.2545,0.2567,0.2422,0.2596
490,3/8/2015 21:00,0.2523,0.256,0.2501,0.2581
491,3/9/2015 3:00,0.2661,0.2676,0.2589,0.2683
492,3/9/2015 9:00,0.2719,0.2683,0.2632,0.2719
493,3/9/2015 15:00,0.277,0.2705,0.2668,0.2748
494,3/9/2015 21:00,0.2668,0.2618,0.269,0.2763
495,3/10/2015 3:00,0.2269,0.256,0.2458,0.2639
496,3/10/2015 9:00,0.2211,0.253,0.2334,0.2589
497,3/10/2015 15:00,0.2284,0.2545,0.2305,0.253
498,3/10/2015 21:00,0.2196,0.2494,0.2269,0.2487
499,3/11/2015 3:00,0.2167,0.2472,0.2247,0.2465
500,3/11/2015 9:00,0.2175,0.2458,0.224,0.2451
501,3/11/2015 15:00,0.2218,0.2487,0.2225,0.2429
502,3/11/2015 21:00,0.2153,0.2443,0.2189,0.2392
503,3/12/2015 3:00,0.2182,0.2458,0.2196,0.2407
504,3/12/2015 9:00,0.2225,0.248,0.2218,0.2436
505,3/12/2015 15:00,0.2538,0.2589,0.2313,0.2545
506,3/12/2015 21:00,0.2523,0.2618,0.2509,0.2625
507,3/13/2015 3:00,0.2385,0.2603,0.2458,0.2603
508,3/13/2015 9:00,0.2305,0.2589,0.2371,0.2574
509,3/13/2015 15:00,0.232,0.2581,0.2334,0.2538
510,3/13/2015 21:00,0.2225,0.2545,0.2298,0.2494
511,3/14/2015 3:00,0.2196,0.2523,0.2276,0.2472
512,3/14/2015 9:00,0.2218,0.2516,0.2298,0.248
513,3/14/2015 15:00,0.2254,0.2552,0.2254,0.2429
514,3/14/2015 21:00,0.2189,0.2487,0.2233,0.2407
515,3/15/2015 3:00,0.2175,0.2458,0.2218,0.2392
516,3/15/2015 9:00,0.2196,0.2472,0.2233,0.2407
517,3/15/2015 15:00,0.2269,0.2545,0.224,0.2407
518,3/15/2015 21:00,0.216,0.2443,0.2167,0.2327
519,3/16/2015 3:00,0.2153,0.2422,0.2153,0.2313
520,3/16/2015 9:00,0.2182,0.2436,0.2182,0.2349
521,3/16/2015 15:00,0.2284,0.253,0.2225,0.2378
522,3/16/2015 21:00,0.2153,0.2422,0.2131,0.2262
523,3/17/2015 3:00,0.2131,0.2392,0.2109,0.2247
524,3/17/2015 9:00,0.216,0.2407,0.2138,0.2284
525,3/17/2015 15:00,0.2269,0.2494,0.2182,0.232
526,3/17/2015 21:00,0.2131,0.24,0.208,0.2204
527,3/18/2015 3:00,0.2124,0.2371,0.2073,0.2204
528,3/18/2015 9:00,0.2182,0.2407,0.2124,0.2284
529,3/18/2015 15:00,0.2487,0.2603,0.2414,0.2589
530,3/18/2015 21:00,0.2218,0.2523,0.2262,0.2487
531,3/19/2015 3:00,0.2218,0.2516,0.2254,0.2472
532,3/19/2015 9:00,0.2218,0.2509,0.2262,0.2465
533,3/19/2015 15:00,0.2683,0.2625,0.248,0.261
534,3/19/2015 21:00,0.2262,0.2552,0.2291,0.2487
535,3/20/2015 3:00,0.2225,0.2538,0.2269,0.2465
536,3/20/2015 9:00,0.224,0.2523,0.2276,0.2472
537,3/20/2015 15:00,0.2298,0.2545,0.2276,0.2458
538,3/20/2015 21:00,0.2792,0.2792,0.2501,0.2719
539,3/21/2015 3:00,0.2422,0.2661,0.2501,0.2618
540,3/21/2015 9:00,0.2625,0.2705,0.2589,0.2639
541,3/21/2015 15:00,0.2756,0.2785,0.2603,0.2712
542,3/21/2015 21:00,0.2516,0.2727,0.2639,0.2647
543,3/22/2015 3:00,0.2313,0.269,0.2422,0.2603
544,3/22/2015 9:00,0.2276,0.2661,0.2392,0.2581
545,3/22/2015 15:00,0.2298,0.2654,0.2371,0.2545
546,3/22/2015 21:00,0.224,0.2596,0.2334,0.2509
547,3/23/2015 3:00,0.2204,0.2545,0.2291,0.2465
548,3/23/2015 9:00,0.2254,0.256,0.2313,0.248
549,3/23/2015 15:00,0.2291,0.2589,0.2334,0.2501
550,3/23/2015 21:00,0.2167,0.248,0.2233,0.2363
551,3/24/2015 3:00,0.216,0.2465,0.2196,0.2342
552,3/24/2015 9:00,0.2211,0.248,0.2233,0.2385
553,3/24/2015 15:00,0.2284,0.2545,0.2254,0.24
554,3/24/2015 21:00,0.216,0.2436,0.2153,0.2269
555,3/25/2015 3:00,0.2131,0.2414,0.2138,0.2262
556,3/25/2015 9:00,0.2276,0.2465,0.2175,0.2305
557,3/25/2015 15:00,0.2211,0.2443,0.2182,0.2305
558,3/25/2015 21:00,0.208,0.2349,0.2087,0.2167
559,3/26/2015 3:00,0.208,0.2349,0.208,0.2182
560,3/26/2015 9:00,0.2175,0.2392,0.208,0.2189
561,3/26/2015 15:00,0.2138,0.2378,0.2073,0.2175
562,3/26/2015 21:00,0.208,0.2327,0.2022,0.2124
563,3/27/2015 3:00,0.2058,0.2298,0.2008,0.2109
564,3/27/2015 9:00,0.2204,0.2385,0.2051,0.2167
565,3/27/2015 15:00,0.2131,0.2349,0.2066,0.2138
566,3/27/2015 21:00,0.2008,0.2269,0.1964,0.1993
567,3/28/2015 3:00,0.2008,0.2254,0.1957,0.2
568,3/28/2015 9:00,0.216,0.2392,0.2,0.2066
569,3/28/2015 15:00,0.2102,0.2349,0.2015,0.208
570,3/28/2015 21:00,0.1978,0.2247,0.192,0.1935
571,3/29/2015 3:00,0.1971,0.224,0.1913,0.1935
572,3/29/2015 9:00,0.2167,0.2392,0.1986,0.2015
573,3/29/2015 15:00,0.208,0.2327,0.1957,0.2
574,3/29/2015 21:00,0.1957,0.224,0.1877,0.1862
575,3/30/2015 3:00,0.1957,0.2218,0.187,0.187
576,3/30/2015 9:00,0.2138,0.2305,0.192,0.1928
577,3/30/2015 15:00,0.2087,0.2291,0.192,0.1949
578,3/30/2015 21:00,0.1986,0.2211,0.1848,0.1848
579,3/31/2015 3:00,0.1978,0.2211,0.1855,0.1862
580,3/31/2015 9:00,0.2124,0.2305,0.187,0.1899
581,3/31/2015 15:00,0.208,0.2269,0.1862,0.1899
582,3/31/2015 21:00,0.1957,0.2167,0.1761,0.1746
583,4/1/2015 3:00,0.1964,0.2167,0.1782,0.1768
584,4/1/2015 9:00,0.2102,0.2262,0.1811,0.1811
585,4/1/2015 15:00,0.2044,0.2225,0.1782,0.1797
586,4/1/2015 21:00,0.1978,0.2167,0.1732,0.1732
587,4/2/2015 3:00,0.1978,0.2167,0.1746,0.1753
588,4/2/2015 9:00,0.2124,0.2254,0.1768,0.1782
589,4/2/2015 15:00,0.2073,0.2233,0.1724,0.1782
590,4/2/2015 21:00,0.1971,0.2153,0.1644,0.1652
591,4/3/2015 3:00,0.1964,0.2146,0.1652,0.1659
592,4/3/2015 9:00,0.2109,0.2247,0.1666,0.1688
593,4/3/2015 15:00,0.2102,0.2254,0.1681,0.1746
594,4/3/2015 21:00,0.1993,0.216,0.1586,0.1594
595,4/4/2015 3:00,0.2639,0.2501,0.2414,0.2291
596,4/4/2015 9:00,0.2175,0.2414,0.2,0.224
597,4/4/2015 15:00,0.2095,0.2349,0.1899,0.2196
598,4/4/2015 21:00,0.1986,0.2247,0.1782,0.2
599,4/5/2015 3:00,0.1993,0.2233,0.1782,0.2
600,4/5/2015 9:00,0.2748,0.269,0.256,0.261
601,4/5/2015 15:00,0.2356,0.2574,0.2385,0.2603
602,4/5/2015 21:00,0.2182,0.253,0.2233,0.2509
603,4/6/2015 3:00,0.2167,0.2501,0.2211,0.248
604,4/6/2015 9:00,0.216,0.2487,0.2204,0.2472
605,4/6/2015 15:00,0.2153,0.2487,0.2218,0.2494
606,4/6/2015 21:00,0.2058,0.2407,0.2124,0.2392
607,4/7/2015 3:00,0.208,0.2414,0.2124,0.2385
608,4/7/2015 9:00,0.2116,0.2436,0.2153,0.2407
609,4/7/2015 15:00,0.2066,0.2407,0.2146,0.2407
610,4/7/2015 21:00,0.1949,0.2327,0.2073,0.2269
611,4/8/2015 3:00,0.1964,0.2327,0.2058,0.2269
612,4/8/2015 9:00,0.1993,0.2342,0.208,0.2291
613,4/8/2015 15:00,0.1949,0.2334,0.2066,0.2284
614,4/8/2015 21:00,0.1862,0.2254,0.2008,0.2182
615,4/9/2015 3:00,0.1877,0.2254,0.2008,0.2189
616,4/9/2015 9:00,0.1913,0.2291,0.2037,0.2225
617,4/9/2015 15:00,0.1862,0.2262,0.2,0.2189
618,4/9/2015 21:00,0.1833,0.2225,0.1978,0.216
619,4/10/2015 3:00,0.2116,0.2407,0.2102,0.2378
620,4/10/2015 9:00,0.2066,0.2378,0.2044,0.2305
621,4/10/2015 15:00,0.2015,0.2342,0.2008,0.2254
622,4/10/2015 21:00,0.1978,0.2276,0.1964,0.2189
623,4/11/2015 3:00,0.1964,0.2276,0.1949,0.2167
624,4/11/2015 9:00,0.2022,0.2298,0.2,0.2211
625,4/11/2015 15:00,0.1964,0.2291,0.1993,0.2218
626,4/11/2015 21:00,0.1855,0.2204,0.192,0.2102
627,4/12/2015 3:00,0.1884,0.2211,0.1935,0.2116
628,4/12/2015 9:00,0.1906,0.224,0.1964,0.2153
629,4/12/2015 15:00,0.1928,0.2284,0.1978,0.2204
630,4/12/2015 21:00,0.2116,0.2422,0.2095,0.2371
631,4/13/2015 3:00,0.2247,0.2443,0.2109,0.2392
632,4/13/2015 9:00,0.2269,0.2472,0.2116,0.2407
633,4/13/2015 15:00,0.2175,0.2472,0.2102,0.24
634,4/13/2015 21:00,0.2073,0.2378,0.2015,0.2262
635,4/14/2015 3:00,0.2066,0.2356,0.1993,0.224
636,4/14/2015 9:00,0.2073,0.2356,0.2015,0.2254
637,4/14/2015 15:00,0.208,0.2371,0.2008,0.2262
638,4/14/2015 21:00,0.208,0.2363,0.2,0.2247
639,4/15/2015 3:00,0.2051,0.2327,0.1978,0.2211
640,4/15/2015 9:00,0.2095,0.2349,0.2008,0.2225
641,4/15/2015 15:00,0.2029,0.232,0.1971,0.2225
642,4/15/2015 21:00,0.1906,0.2218,0.1899,0.2066
643,4/16/2015 3:00,0.1899,0.2211,0.1899,0.2066
644,4/16/2015 9:00,0.1942,0.2247,0.1935,0.2116
645,4/16/2015 15:00,0.187,0.224,0.1899,0.2102
646,4/16/2015 21:00,0.2567,0.269,0.2647,0.2705
647,4/17/2015 3:00,0.2146,0.2618,0.2269,0.2523
648,4/17/2015 9:00,0.216,0.2581,0.2262,0.2509
649,4/17/2015 15:00,0.2131,0.2545,0.224,0.2487
650,4/17/2015 21:00,0.2124,0.2516,0.2204,0.2451
651,4/18/2015 3:00,0.2153,0.2538,0.2218,0.2451
652,4/18/2015 9:00,0.2363,0.2683,0.256,0.2661
653,4/18/2015 15:00,0.2182,0.2618,0.2349,0.2581
654,4/18/2015 21:00,0.2131,0.2567,0.2291,0.253
655,4/19/2015 3:00,0.2392,0.2705,0.2567,0.2683
656,4/19/2015 9:00,0.2233,0.269,0.2414,0.2632
657,4/19/2015 15:00,0.2182,0.2639,0.2371,0.2618
658,4/19/2015 21:00,0.2087,0.2552,0.2269,0.2487
659,4/20/2015 3:00,0.2073,0.2516,0.2225,0.2458
660,4/20/2015 9:00,0.2116,0.2523,0.2247,0.2451
661,4/20/2015 15:00,0.2058,0.2487,0.2204,0.2422
662,4/20/2015 21:00,0.1964,0.24,0.2124,0.2305
663,4/21/2015 3:00,0.1957,0.2371,0.2102,0.2291
664,4/21/2015 9:00,0.1978,0.2392,0.2109,0.2305
665,4/21/2015 15:00,0.1964,0.2407,0.2109,0.2334
666,4/21/2015 21:00,0.1862,0.2305,0.2022,0.2211
667,4/22/2015 3:00,0.1862,0.2298,0.2008,0.2196
668,4/22/2015 9:00,0.1928,0.2342,0.2087,0.2247
669,4/22/2015 15:00,0.187,0.2327,0.2029,0.2247
670,4/22/2015 21:00,0.1855,0.2291,0.2015,0.2211
671,4/23/2015 3:00,0.2116,0.248,0.2138,0.2414
672,4/23/2015 9:00,0.2095,0.2458,0.2124,0.2378
673,4/23/2015 15:00,0.2116,0.2465,0.2124,0.2407
674,4/23/2015 21:00,0.2037,0.24,0.2058,0.2298
675,4/24/2015 3:00,0.2029,0.2385,0.2044,0.2284
676,4/24/2015 9:00,0.2095,0.2414,0.2073,0.2334
677,4/24/2015 15:00,0.2146,0.2494,0.2124,0.24
678,4/24/2015 21:00,0.2109,0.2458,0.2102,0.2356
679,4/25/2015 3:00,0.2102,0.2443,0.2087,0.2342
680,4/25/2015 9:00,0.2131,0.2458,0.2109,0.2363
681,4/25/2015 15:00,0.208,0.2443,0.2073,0.2342
682,4/25/2015 21:00,0.1971,0.2334,0.2,0.2189
683,4/26/2015 3:00,0.1964,0.2313,0.1993,0.2182
684,4/26/2015 9:00,0.1986,0.2342,0.2022,0.2218
685,4/26/2015 15:00,0.1942,0.2334,0.1993,0.2211
686,4/26/2015 21:00,0.1884,0.2276,0.1964,0.2146
687,4/27/2015 3:00,0.1891,0.2276,0.1964,0.2153
688,4/27/2015 9:00,0.2269,0.2654,0.24,0.2618
689,4/27/2015 15:00,0.2131,0.2574,0.2269,0.2523
690,4/27/2015 21:00,0.208,0.2516,0.2211,0.2458
691,4/28/2015 3:00,0.24,0.2647,0.24,0.2574
692,4/28/2015 9:00,0.2262,0.2618,0.2305,0.253
693,4/28/2015 15:00,0.224,0.2596,0.2276,0.2494
694,4/28/2015 21:00,0.2211,0.2545,0.2225,0.2443
695,4/29/2015 3:00,0.2204,0.2516,0.2189,0.2407
696,4/29/2015 9:00,0.2247,0.2523,0.2233,0.2429
697,4/29/2015 15:00,0.2247,0.2494,0.2189,0.2407
698,4/29/2015 21:00,0.2153,0.2363,0.1942,0.2284
699,4/30/2015 3:00,0.2138,0.2349,0.1928,0.2262
700,4/30/2015 9:00,0.2182,0.2378,0.1978,0.2305
701,4/30/2015 15:00,0.216,0.2342,0.1942,0.2262
702,4/30/2015 21:00,0.2066,0.2262,0.1891,0.2167
703,5/1/2015 3:00,0.2044,0.2247,0.1884,0.216
704,5/1/2015 9:00,0.2087,0.2298,0.1935,0.2218
705,5/1/2015 15:00,0.2058,0.2284,0.1906,0.2204
706,5/1/2015 21:00,0.1964,0.2182,0.1855,0.2095
707,5/2/2015 3:00,0.1942,0.2167,0.184,0.2087
708,5/2/2015 9:00,0.1986,0.2218,0.1891,0.2146
709,5/2/2015 15:00,0.1957,0.2189,0.1855,0.2131
710,5/2/2015 21:00,0.184,0.2073,0.1804,0.2008
711,5/3/2015 3:00,0.1826,0.2058,0.1797,0.2
712,5/3/2015 9:00,0.1862,0.2109,0.1848,0.2066
713,5/3/2015 15:00,0.1768,0.2058,0.1804,0.2022
714,5/3/2015 21:00,0.1673,0.192,0.1739,0.1899
715,5/4/2015 3:00,0.1666,0.1913,0.1739,0.1899
716,5/4/2015 9:00,0.1702,0.1964,0.1797,0.1957
717,5/4/2015 15:00,0.1586,0.1891,0.1732,0.1899
718,5/4/2015 21:00,0.1492,0.1753,0.1659,0.1782
719,5/5/2015 3:00,0.1492,0.1746,0.1666,0.179
720,5/5/2015 9:00,0.1514,0.179,0.1688,0.1833
721,5/5/2015 15:00,0.1441,0.1746,0.1652,0.1797
722,5/5/2015 21:00,0.1419,0.1702,0.1644,0.1775
723,5/6/2015 3:00,0.1426,0.1695,0.1652,0.1782
724,5/6/2015 9:00,0.1434,0.1717,0.1659,0.1804
725,5/6/2015 15:00,0.1456,0.1833,0.1746,0.1964
726,5/6/2015 21:00,0.1426,0.1797,0.1695,0.1906
727,5/7/2015 3:00,0.1426,0.1782,0.1688,0.1891
728,5/7/2015 9:00,0.1456,0.1819,0.1717,0.1928
729,5/7/2015 15:00,0.1463,0.1804,0.1688,0.1913
730,5/7/2015 21:00,0.1434,0.1746,0.1666,0.1862
731,5/8/2015 3:00,0.1434,0.1739,0.1666,0.1862
732,5/8/2015 9:00,0.1448,0.1768,0.1666,0.1884
733,5/8/2015 15:00,0.1441,0.1732,0.1644,0.1862
734,5/8/2015 21:00,0.1412,0.1681,0.1623,0.1811
735,5/9/2015 3:00,0.1412,0.1681,0.163,0.1811
736,5/9/2015 9:00,0.1434,0.1702,0.1644,0.1855
737,5/9/2015 15:00,0.1376,0.163,0.1564,0.1782
738,5/9/2015 21:00,0.1318,0.1528,0.1514,0.1695
739,5/10/2015 3:00,0.1318,0.1514,0.1521,0.1695
740,5/10/2015 9:00,0.1318,0.1521,0.1521,0.1717
741,5/10/2015 15:00,0.1288,0.147,0.1463,0.1681
742,5/10/2015 21:00,0.1426,0.1702,0.1652,0.1899
743,5/11/2015 3:00,0.1594,0.1848,0.1695,0.2
744,5/11/2015 9:00,0.2712,0.2603,0.2356,0.2661
745,5/11/2015 15:00,0.2422,0.2487,0.2175,0.2516
746,5/11/2015 21:00,0.2327,0.2422,0.2087,0.2436
747,5/12/2015 3:00,0.232,0.24,0.2051,0.2407
748,5/12/2015 9:00,0.2429,0.2465,0.2102,0.2451
749,5/12/2015 15:00,0.2385,0.2443,0.2073,0.2429
750,5/12/2015 21:00,0.2363,0.2429,0.2044,0.2392
751,5/13/2015 3:00,0.261,0.2567,0.2153,0.2494
752,5/13/2015 9:00,0.2501,0.256,0.2138,0.2487
753,5/13/2015 15:00,0.2443,0.2523,0.2116,0.2465
754,5/13/2015 21:00,0.2763,0.2654,0.2334,0.261
755,5/14/2015 3:00,0.2501,0.261,0.2254,0.2545
756,5/14/2015 9:00,0.248,0.2596,0.2269,0.2538
757,5/14/2015 15:00,0.2429,0.2538,0.2196,0.2494
758,5/14/2015 21:00,0.2371,0.248,0.2146,0.2429
759,5/15/2015 3:00,0.2371,0.2465,0.2131,0.2407
760,5/15/2015 9:00,0.2392,0.248,0.2146,0.2429
761,5/15/2015 15:00,0.24,0.248,0.2124,0.2414
762,5/15/2015 21:00,0.2407,0.248,0.2124,0.24
763,5/16/2015 3:00,0.24,0.2465,0.2116,0.2392
764,5/16/2015 9:00,0.2407,0.2472,0.2131,0.2407
765,5/16/2015 15:00,0.2371,0.2443,0.2095,0.2363
766,5/16/2015 21:00,0.2298,0.2363,0.2029,0.2276
767,5/17/2015 3:00,0.2284,0.2363,0.2029,0.2269
768,5/17/2015 9:00,0.2305,0.2371,0.2044,0.2291
769,5/17/2015 15:00,0.261,0.2676,0.2356,0.2574
770,5/17/2015 21:00,0.2494,0.2618,0.2269,0.2523
771,5/18/2015 3:00,0.2574,0.2661,0.2305,0.2545
772,5/18/2015 9:00,0.3068,0.2901,0.277,0.2705
773,5/18/2015 15:00,0.2661,0.2741,0.2523,0.2654
774,5/18/2015 21:00,0.2545,0.2683,0.2356,0.2581
775,5/19/2015 3:00,0.2509,0.2654,0.232,0.2552
776,5/19/2015 9:00,0.2501,0.2654,0.2313,0.2552
777,5/19/2015 15:00,0.248,0.261,0.2291,0.2523
778,5/19/2015 21:00,0.269,0.2785,0.2647,0.2683
779,5/20/2015 3:00,0.2574,0.2748,0.2422,0.2632
780,5/20/2015 9:00,0.256,0.2727,0.2414,0.2639
781,5/20/2015 15:00,0.2494,0.2647,0.2349,0.2589
782,5/20/2015 21:00,0.2429,0.2567,0.2254,0.2494
783,5/21/2015 3:00,0.2422,0.256,0.224,0.2487
784,5/21/2015 9:00,0.2879,0.2843,0.2843,0.2792
785,5/21/2015 15:00,0.2865,0.2828,0.2785,0.2763
786,5/21/2015 21:00,0.2603,0.2763,0.2443,0.2668
787,5/22/2015 3:00,0.256,0.2734,0.2363,0.2625
788,5/22/2015 9:00,0.2545,0.2705,0.2349,0.261
789,5/22/2015 15:00,0.2516,0.2654,0.2342,0.2589
790,5/22/2015 21:00,0.2451,0.2596,0.2262,0.2487
791,5/23/2015 3:00,0.2436,0.2589,0.224,0.2472
792,5/23/2015 9:00,0.2458,0.2589,0.2254,0.2516
793,5/23/2015 15:00,0.2414,0.2523,0.2204,0.2458
794,5/23/2015 21:00,0.2581,0.2683,0.2298,0.2574
795,5/24/2015 3:00,0.2523,0.2654,0.2276,0.253
796,5/24/2015 9:00,0.2625,0.2676,0.2298,0.2574
797,5/24/2015 15:00,0.2603,0.2748,0.2414,0.2676
798,5/24/2015 21:00,0.2538,0.2698,0.2363,0.2603
799,5/25/2015 3:00,0.2523,0.2683,0.2334,0.2581
800,5/25/2015 9:00,0.2523,0.2676,0.2356,0.2596
801,5/25/2015 15:00,0.2472,0.2625,0.2291,0.2538
802,5/25/2015 21:00,0.2901,0.2915,0.2836,0.2821
803,5/26/2015 3:00,0.2654,0.2799,0.2654,0.2748
804,5/26/2015 9:00,0.2603,0.277,0.2443,0.2705
805,5/26/2015 15:00,0.253,0.2705,0.2385,0.2668
806,5/26/2015 21:00,0.248,0.2647,0.2313,0.2574
807,5/27/2015 3:00,0.2865,0.2857,0.2719,0.2785
808,5/27/2015 9:00,0.2676,0.2821,0.2639,0.2777
809,5/27/2015 15:00,0.2901,0.2879,0.2792,0.2872
810,5/27/2015 21:00,0.2618,0.2792,0.2487,0.2763
811,5/28/2015 3:00,0.2574,0.2763,0.2414,0.2727
812,5/28/2015 9:00,0.2574,0.2748,0.2429,0.2727
813,5/28/2015 15:00,0.2509,0.2683,0.2356,0.2654
814,5/28/2015 21:00,0.2458,0.2618,0.2291,0.2574
815,5/29/2015 3:00,0.2451,0.261,0.2269,0.256
816,5/29/2015 9:00,0.2443,0.2596,0.2262,0.2567
817,5/29/2015 15:00,0.2422,0.2581,0.2262,0.2538
818,5/29/2015 21:00,0.2349,0.2509,0.2182,0.2443
819,5/30/2015 3:00,0.2342,0.2509,0.2175,0.2436
820,5/30/2015 9:00,0.2422,0.2596,0.2313,0.256
821,5/30/2015 15:00,0.2371,0.2523,0.2182,0.2458
822,5/30/2015 21:00,0.2763,0.277,0.2487,0.2705
823,5/31/2015 3:00,0.2538,0.2712,0.2342,0.2639
824,5/31/2015 9:00,0.2501,0.2676,0.2305,0.261
825,5/31/2015 15:00,0.2436,0.2603,0.2254,0.2538
826,5/31/2015 21:00,0.2363,0.2523,0.2182,0.2451
827,6/1/2015 3:00,0.2342,0.2501,0.216,0.2429
828,6/1/2015 9:00,0.2371,0.2516,0.2211,0.2472
829,6/1/2015 15:00,0.2291,0.2458,0.2131,0.2363
830,6/1/2015 21:00,0.2218,0.24,0.2095,0.2305
831,6/2/2015 3:00,0.2211,0.24,0.208,0.2305
832,6/2/2015 9:00,0.224,0.2429,0.2138,0.2356
833,6/2/2015 15:00,0.2175,0.2371,0.2095,0.2276
834,6/2/2015 21:00,0.2087,0.2284,0.2029,0.2204
835,6/3/2015 3:00,0.208,0.2276,0.2029,0.2211
836,6/3/2015 9:00,0.2109,0.2305,0.2073,0.2254
837,6/3/2015 15:00,0.1993,0.2211,0.1978,0.2138
838,6/3/2015 21:00,0.1906,0.2109,0.1935,0.2051
839,6/4/2015 3:00,0.1899,0.2109,0.1935,0.2058
840,6/4/2015 9:00,0.192,0.2131,0.1957,0.208
841,6/4/2015 15:00,0.184,0.2073,0.1899,0.2029
842,6/4/2015 21:00,0.1761,0.1971,0.1855,0.1957
843,6/5/2015 3:00,0.1753,0.1964,0.1855,0.1949
844,6/5/2015 9:00,0.179,0.1993,0.1906,0.2008
845,6/5/2015 15:00,0.1724,0.1928,0.1848,0.1957
846,6/5/2015 21:00,0.1652,0.1826,0.1782,0.187
847,6/6/2015 3:00,0.1637,0.1811,0.1782,0.187
848,6/6/2015 9:00,0.1666,0.184,0.184,0.192
849,6/6/2015 15:00,0.1586,0.1768,0.1753,0.184
850,6/6/2015 21:00,0.1499,0.1652,0.1666,0.1724
851,6/7/2015 3:00,0.1485,0.1623,0.1666,0.1717
852,6/7/2015 9:00,0.1514,0.1644,0.171,0.1775
853,6/7/2015 15:00,0.1434,0.1572,0.1586,0.1688
854,6/7/2015 21:00,0.1354,0.1441,0.1492,0.1579
855,6/8/2015 3:00,0.1347,0.1434,0.1492,0.1572
856,6/8/2015 9:00,0.1368,0.1441,0.1535,0.1615
857,6/8/2015 15:00,0.1288,0.1339,0.1376,0.1514
858,6/8/2015 21:00,0.1216,0.1216,0.1274,0.1383
859,6/9/2015 3:00,0.1201,0.1201,0.1267,0.1383
860,6/9/2015 9:00,0.1216,0.1216,0.1303,0.1419
861,6/9/2015 15:00,0.1165,0.1114,0.1121,0.1318
862,6/9/2015 21:00,0.1107,0.1027,0.1049,0.1223
863,6/10/2015 3:00,0.11,0.1012,0.1049,0.1223
864,6/10/2015 9:00,0.1114,0.102,0.1078,0.1259
865,6/10/2015 15:00,0.1085,0.094,0.0889,0.115
866,6/10/2015 21:00,0.102,0.0831,0.0787,0.1042
867,6/11/2015 3:00,0.1005,0.0816,0.0795,0.1042
868,6/11/2015 9:00,0.1034,0.0838,0.0824,0.1078
869,6/11/2015 15:00,0.1012,0.078,0.0671,0.0976
870,6/11/2015 21:00,0.0954,0.0693,0.0591,0.0889
871,6/12/2015 3:00,0.094,0.0678,0.0598,0.0882
872,6/12/2015 9:00,0.0962,0.0707,0.0628,0.0918
873,6/12/2015 15:00,0.1245,0.1303,0.1303,0.1615
874,6/12/2015 21:00,0.1194,0.1209,0.115,0.1477
875,6/13/2015 3:00,0.118,0.1187,0.1107,0.1448
876,6/13/2015 9:00,0.1216,0.1288,0.1143,0.1601
877,6/13/2015 15:00,0.2044,0.2066,0.179,0.2254
878,6/13/2015 21:00,0.2,0.1978,0.1666,0.2102
879,6/14/2015 3:00,0.1986,0.1949,0.1623,0.2044
880,6/14/2015 9:00,0.1986,0.192,0.1615,0.2037
881,6/14/2015 15:00,0.2146,0.2102,0.1724,0.2211
882,6/14/2015 21:00,0.208,0.2008,0.1644,0.2073
883,6/15/2015 3:00,0.2051,0.1978,0.1615,0.2037
884,6/15/2015 9:00,0.2051,0.1964,0.1615,0.2044
885,6/15/2015 15:00,0.2029,0.1906,0.1521,0.1978
886,6/15/2015 21:00,0.224,0.216,0.1761,0.2218
887,6/16/2015 3:00,0.2211,0.2124,0.1724,0.216
888,6/16/2015 9:00,0.2211,0.2116,0.1724,0.216
889,6/16/2015 15:00,0.2443,0.2378,0.1993,0.2465
890,6/16/2015 21:00,0.2422,0.2371,0.1957,0.2385
891,6/17/2015 3:00,0.2552,0.248,0.2058,0.2487
892,6/17/2015 9:00,0.2785,0.2748,0.2821,0.2748
893,6/17/2015 15:00,0.2618,0.269,0.2291,0.2661
894,6/17/2015 21:00,0.2509,0.2596,0.2189,0.2574
895,6/18/2015 3:00,0.277,0.2705,0.2378,0.269
896,6/18/2015 9:00,0.2952,0.2857,0.2777,0.285
897,6/18/2015 15:00,0.2596,0.2705,0.2407,0.2748
898,6/18/2015 21:00,0.2516,0.2632,0.2305,0.2661
899,6/19/2015 3:00,0.2501,0.261,0.2284,0.2618
900,6/19/2015 9:00,0.2501,0.2603,0.2291,0.2625
901,6/19/2015 15:00,0.2458,0.2567,0.2233,0.2574
902,6/19/2015 21:00,0.2407,0.2501,0.216,0.2487
903,6/20/2015 3:00,0.2407,0.2501,0.2146,0.2472
904,6/20/2015 9:00,0.2407,0.2501,0.2138,0.2472
905,6/20/2015 15:00,0.2385,0.2472,0.2124,0.2443
906,6/20/2015 21:00,0.2342,0.2429,0.2087,0.2378
907,6/21/2015 3:00,0.2342,0.2436,0.2087,0.2385
908,6/21/2015 9:00,0.2349,0.2443,0.2095,0.24
909,6/21/2015 15:00,0.2334,0.2436,0.208,0.2392
910,6/21/2015 21:00,0.2284,0.2385,0.2037,0.2327
911,6/22/2015 3:00,0.2269,0.2378,0.2029,0.2313
912,6/22/2015 9:00,0.2284,0.2392,0.2044,0.2342
913,6/22/2015 15:00,0.224,0.2356,0.2015,0.2276
914,6/22/2015 21:00,0.2146,0.2284,0.1971,0.2189
915,6/23/2015 3:00,0.2131,0.2276,0.1957,0.2175
916,6/23/2015 9:00,0.216,0.2298,0.2,0.2233
917,6/23/2015 15:00,0.2131,0.2254,0.1949,0.2204
918,6/23/2015 21:00,0.2037,0.2167,0.1906,0.2087
919,6/24/2015 3:00,0.2022,0.216,0.1906,0.2087
920,6/24/2015 9:00,0.2044,0.2189,0.1935,0.2131
921,6/24/2015 15:00,0.2,0.2109,0.1884,0.2066
922,6/24/2015 21:00,0.1899,0.2008,0.1819,0.1949
923,6/25/2015 3:00,0.1884,0.2,0.1819,0.1957
924,6/25/2015 9:00,0.1899,0.2029,0.1848,0.2008
925,6/25/2015 15:00,0.1848,0.192,0.1761,0.1942
926,6/25/2015 21:00,0.1746,0.179,0.1681,0.1819
927,6/26/2015 3:00,0.1732,0.1797,0.1681,0.1833
928,6/26/2015 9:00,0.1739,0.1819,0.1702,0.1877
929,6/26/2015 15:00,0.1702,0.1717,0.1608,0.1848
930,6/26/2015 21:00,0.1608,0.1601,0.1521,0.1717
931,6/27/2015 3:00,0.1594,0.1601,0.1535,0.1732
932,6/27/2015 9:00,0.1601,0.1601,0.1535,0.1753
933,6/27/2015 15:00,0.1535,0.1506,0.1434,0.1681
934,6/27/2015 21:00,0.1521,0.1492,0.1441,0.1681
935,6/28/2015 3:00,0.1521,0.1499,0.1448,0.1688
936,6/28/2015 9:00,0.1535,0.1514,0.1456,0.1717
937,6/28/2015 15:00,0.1477,0.1419,0.1318,0.1659
938,6/28/2015 21:00,0.1383,0.1288,0.1209,0.1521
939,6/29/2015 3:00,0.1376,0.1281,0.1223,0.1521
940,6/29/2015 9:00,0.139,0.1296,0.1223,0.1557
941,6/29/2015 15:00,0.1303,0.1165,0.1034,0.1426
942,6/29/2015 21:00,0.1259,0.1107,0.0991,0.1383
943,6/30/2015 3:00,0.1252,0.1092,0.0991,0.1376
944,6/30/2015 9:00,0.1267,0.1107,0.0991,0.1405
945,6/30/2015 15:00,0.1201,0.0991,0.0838,0.1281
946,6/30/2015 21:00,0.1143,0.0904,0.0773,0.1194
947,7/1/2015 3:00,0.1136,0.0896,0.0773,0.1201
948,7/1/2015 9:00,0.115,0.0904,0.0787,0.123
949,7/1/2015 15:00,0.1092,0.0809,0.0664,0.1085
950,7/1/2015 21:00,0.1056,0.0744,0.0613,0.102
951,7/2/2015 3:00,0.1049,0.0736,0.062,0.1034
952,7/2/2015 9:00,0.1071,0.0758,0.0628,0.1063
953,7/2/2015 15:00,0.1034,0.0715,0.0569,0.0983
954,7/2/2015 21:00,0.0983,0.0628,0.0504,0.0874
955,7/3/2015 3:00,0.0983,0.062,0.0504,0.0882
956,7/3/2015 9:00,0.0998,0.0649,0.0519,0.0911
957,7/3/2015 15:00,0.0998,0.0635,0.049,0.0882
958,7/3/2015 21:00,0.094,0.0555,0.0424,0.0795
959,7/4/2015 3:00,0.0933,0.0548,0.0431,0.0795
960,7/4/2015 9:00,0.0954,0.0577,0.0453,0.0824
961,7/4/2015 15:00,0.0954,0.0562,0.0417,0.0773
962,7/4/2015 21:00,0.0896,0.049,0.0344,0.0686
963,7/5/2015 3:00,0.0889,0.0475,0.0352,0.0686
964,7/5/2015 9:00,0.0918,0.0504,0.0373,0.0707
965,7/5/2015 15:00,0.0933,0.0511,0.0373,0.07
966,7/5/2015 21:00,0.086,0.0439,0.0293,0.0591
967,7/6/2015 3:00,0.0845,0.0424,0.0286,0.0584
968,7/6/2015 9:00,0.0867,0.046,0.0322,0.062
969,7/6/2015 15:00,0.0874,0.0475,0.0315,0.0613
970,7/6/2015 21:00,0.0809,0.0395,0.025,0.0526
971,7/7/2015 3:00,0.0795,0.0388,0.025,0.0519
972,7/7/2015 9:00,0.0816,0.0417,0.0279,0.0555
973,7/7/2015 15:00,0.0824,0.0439,0.0286,0.0562
974,7/7/2015 21:00,0.0758,0.0366,0.0228,0.0475
975,7/8/2015 3:00,0.0751,0.0366,0.0228,0.0475
976,7/8/2015 9:00,0.0766,0.0395,0.0257,0.0511
977,7/8/2015 15:00,0.0773,0.0417,0.0257,0.0511
978,7/8/2015 21:00,0.07,0.033,0.0184,0.0417
979,7/9/2015 3:00,0.0686,0.0308,0.0177,0.0402
980,7/9/2015 9:00,0.07,0.0344,0.0199,0.0439
981,7/9/2015 15:00,0.1957,0.2131,0.0235,0.049
982,7/9/2015 21:00,0.1753,0.1855,0.0148,0.0366
983,7/10/2015 3:00,0.1681,0.1746,0.0134,0.0352
984,7/10/2015 9:00,0.2029,0.2015,0.0192,0.041
985,7/10/2015 15:00,0.1899,0.1855,0.0199,0.0453
986,7/10/2015 21:00,0.1739,0.1681,0.0119,0.033
987,7/11/2015 3:00,0.1688,0.1623,0.0105,0.0322
988,7/11/2015 9:00,0.208,0.1949,0.0148,0.0359
989,7/11/2015 15:00,0.1935,0.1782,0.0155,0.0402
990,7/11/2015 21:00,0.179,0.1644,0.0097,0.0301
991,7/12/2015 3:00,0.1739,0.1594,0.009,0.0293
992,7/12/2015 9:00,0.2109,0.1957,0.0141,0.0344
993,7/12/2015 15:00,0.1971,0.1782,0.0148,0.0373
994,7/12/2015 21:00,0.1797,0.1615,0.0068,0.0279
995,7/13/2015 3:00,0.1753,0.1557,0.0068,0.0279
996,7/13/2015 9:00,0.2138,0.1906,0.0119,0.0322
997,7/13/2015 15:00,0.1949,0.1688,0.0141,0.0373
998,7/13/2015 21:00,0.1775,0.1506,0.0054,0.0257
999,7/14/2015 3:00,0.1739,0.1456,0.0054,0.025
1000,7/14/2015 9:00,0.2131,0.1746,0.0097,0.0301
1001,7/14/2015 15:00,0.1913,0.1528,0.0126,0.0352
1002,7/14/2015 21:00,0.1724,0.1332,0.0039,0.0228
1003,7/15/2015 3:00,0.1688,0.1288,0.0032,0.0221
1004,7/15/2015 9:00,0.208,0.1732,0.009,0.0279
1005,7/15/2015 15:00,0.1833,0.1456,0.0119,0.0337
1006,7/15/2015 21:00,0.1637,0.1216,0.0032,0.0214
1007,7/16/2015 3:00,0.1608,0.1165,0.0032,0.0206
1008,7/16/2015 9:00,0.2029,0.1564,0.0076,0.0264
1009,7/16/2015 15:00,0.1717,0.1288,0.009,0.0293
1010,7/16/2015 21:00,0.1521,0.1056,0.0032,0.0206
1011,7/17/2015 3:00,0.1514,0.1012,0.0025,0.0199
1012,7/17/2015 9:00,0.1978,0.1608,0.0068,0.025
1013,7/17/2015 15:00,0.163,0.131,0.0119,0.0315
1014,7/17/2015 21:00,0.1419,0.1056,0.0032,0.0192
1015,7/18/2015 3:00,0.1405,0.0991,0.0017,0.0192
1016,7/18/2015 9:00,0.1913,0.1485,0.0061,0.0228
1017,7/18/2015 15:00,0.1528,0.1223,0.0112,0.0315
1018,7/18/2015 21:00,0.1296,0.0983,0.0017,0.0177
1019,7/19/2015 3:00,0.1288,0.0925,0.001,0.0177
1020,7/19/2015 9:00,0.1819,0.1281,0.0061,0.0228
1021,7/19/2015 15:00,0.139,0.1078,0.0105,0.0301
1022,7/19/2015 21:00,0.1187,0.0882,0.0017,0.017
1023,7/20/2015 3:00,0.1172,0.0824,0.001,0.0163
1024,7/20/2015 9:00,0.1644,0.1514,0.0046,0.0214
1025,7/20/2015 15:00,0.123,0.1194,0.0097,0.0293
1026,7/20/2015 21:00,0.1071,0.0947,0.001,0.0163
1027,7/21/2015 3:00,0.1063,0.0874,0.0003,0.0155
1028,7/21/2015 9:00,0.1456,0.163,0.0046,0.0206
1029,7/21/2015 15:00,0.1129,0.1267,0.0061,0.0257
1030,7/21/2015 21:00,0.1012,0.0991,0.0003,0.0155
1031,7/22/2015 3:00,0.0998,0.0925,0.0003,0.0155
1032,7/22/2015 9:00,0.155,0.1434,0.0039,0.0192
1033,7/22/2015 15:00,0.1201,0.115,0.0076,0.0264
1034,7/22/2015 21:00,0.1063,0.0911,-0.0004,0.0148
1035,7/23/2015 3:00,0.1049,0.0845,-0.0012,0.0141
1036,7/23/2015 9:00,0.1434,0.1673,0.0039,0.0184
1037,7/23/2015 15:00,0.1136,0.1303,0.0061,0.0235
1038,7/23/2015 21:00,0.1027,0.1027,-0.0004,0.0141
1039,7/24/2015 3:00,0.1034,0.0954,-0.0012,0.0134
1040,7/24/2015 9:00,0.1557,0.1702,0.0039,0.0177
1041,7/24/2015 15:00,0.1201,0.1332,0.0076,0.0257
1042,7/24/2015 21:00,0.1056,0.102,-0.0012,0.0126
1043,7/25/2015 3:00,0.1049,0.0954,-0.0012,0.0126
1044,7/25/2015 9:00,0.1499,0.1681,0.0032,0.017
1045,7/25/2015 15:00,0.1165,0.131,0.0076,0.025
1046,7/25/2015 21:00,0.102,0.0998,-0.0019,0.0119
1047,7/26/2015 3:00,0.0998,0.0933,-0.0026,0.0119
1048,7/26/2015 9:00,0.1259,0.155,0.0032,0.017
1049,7/26/2015 15:00,0.1071,0.1201,0.0068,0.0243
1050,7/26/2015 21:00,0.0947,0.0911,-0.0012,0.0126
1051,7/27/2015 3:00,0.0911,0.0845,-0.0026,0.0112
1052,7/27/2015 9:00,0.123,0.0911,0.0032,0.0163
1053,7/27/2015 15:00,0.1042,0.0816,0.0046,0.0206
1054,7/27/2015 21:00,0.094,0.07,-0.0012,0.0119
1055,7/28/2015 3:00,0.0867,0.0657,-0.0026,0.0112
1056,7/28/2015 9:00,0.1318,0.1347,0.0025,0.0148
1057,7/28/2015 15:00,0.11,0.1071,0.0061,0.0228
1058,7/28/2015 21:00,0.0918,0.0845,-0.0026,0.0105
1059,7/29/2015 3:00,0.0831,0.078,-0.0033,0.0097
1060,7/29/2015 9:00,0.1165,0.1535,0.0025,0.0141
1061,7/29/2015 15:00,0.1005,0.118,0.0054,0.0221
1062,7/29/2015 21:00,0.0853,0.0911,-0.0026,0.0097
1063,7/30/2015 3:00,0.0809,0.0853,-0.0033,0.009
1064,7/30/2015 9:00,0.118,0.1376,0.0017,0.0141
1065,7/30/2015 15:00,0.0998,0.1092,0.0061,0.0206
1066,7/30/2015 21:00,0.1826,0.2284,0.184,0.2189
1067,7/31/2015 3:00,0.1681,0.2167,0.1681,0.1949
1068,7/31/2015 9:00,0.1782,0.2218,0.1637,0.1884
1069,7/31/2015 15:00,0.1695,0.2066,0.1557,0.179
1070,7/31/2015 21:00,0.1579,0.1928,0.1463,0.1659
1071,8/1/2015 3:00,0.1579,0.1906,0.1434,0.1615
1072,8/1/2015 9:00,0.1659,0.2116,0.1426,0.1623
1073,8/1/2015 15:00,0.1463,0.1906,0.1354,0.1535
1074,8/1/2015 21:00,0.1339,0.1753,0.1274,0.1434
1075,8/2/2015 3:00,0.1347,0.1732,0.1245,0.1405
1076,8/2/2015 9:00,0.1339,0.2029,0.1245,0.1412
1077,8/2/2015 15:00,0.1092,0.179,0.115,0.1332
1078,8/2/2015 21:00,0.0983,0.1615,0.1063,0.1238
1079,8/3/2015 3:00,0.0998,0.1586,0.1056,0.1216
1080,8/3/2015 9:00,0.1005,0.1986,0.1049,0.1223
1081,8/3/2015 15:00,0.0867,0.1732,0.0933,0.115
1082,8/3/2015 21:00,0.0773,0.1535,0.0838,0.1056
1083,8/4/2015 3:00,0.0787,0.1506,0.0845,0.1042
1084,8/4/2015 9:00,0.0824,0.1993,0.0838,0.1056
1085,8/4/2015 15:00,0.0758,0.1724,0.0715,0.0969
1086,8/4/2015 21:00,0.0707,0.1514,0.0606,0.0874
1087,8/5/2015 3:00,0.0729,0.147,0.0606,0.0867
1088,8/5/2015 9:00,0.0816,0.1971,0.0613,0.0874
1089,8/5/2015 15:00,0.0751,0.1666,0.0526,0.078
1090,8/5/2015 21:00,0.0686,0.1426,0.0439,0.07
1091,8/6/2015 3:00,0.0715,0.1383,0.0439,0.0686
1092,8/6/2015 9:00,0.0729,0.1855,0.046,0.0707
1093,8/6/2015 15:00,0.0729,0.1499,0.041,0.062
1094,8/6/2015 21:00,0.0635,0.1238,0.0308,0.0533
1095,8/7/2015 3:00,0.0642,0.1201,0.0301,0.0526
1096,8/7/2015 9:00,0.0787,0.1811,0.0337,0.0548
1097,8/7/2015 15:00,0.0751,0.1412,0.0301,0.0504
1098,8/7/2015 21:00,0.0649,0.1129,0.0199,0.041
1099,8/8/2015 3:00,0.0649,0.1092,0.0199,0.0402
1100,8/8/2015 9:00,0.0678,0.1659,0.0235,0.0439
1101,8/8/2015 15:00,0.0729,0.1201,0.0228,0.0417
1102,8/8/2015 21:00,0.0613,0.0954,0.0126,0.0337
1103,8/9/2015 3:00,0.0606,0.094,0.0126,0.033
1104,8/9/2015 9:00,0.07,0.1673,0.0155,0.0352
1105,8/9/2015 15:00,0.0715,0.1245,0.017,0.0366
1106,8/9/2015 21:00,0.0584,0.0969,0.0083,0.0272
1107,8/10/2015 3:00,0.0598,0.0947,0.0076,0.0264
1108,8/10/2015 9:00,0.0664,0.1702,0.0141,0.0301
1109,8/10/2015 15:00,0.0729,0.1216,0.0148,0.0322
1110,8/10/2015 21:00,0.0613,0.094,0.0061,0.0243
1111,8/11/2015 3:00,0.0584,0.0918,0.0061,0.0235
1112,8/11/2015 9:00,0.0635,0.1724,0.0097,0.0272
1113,8/11/2015 15:00,0.0722,0.1209,0.0134,0.0293
1114,8/11/2015 21:00,0.0642,0.0991,0.0039,0.0206
1115,8/12/2015 3:00,0.0613,0.0962,0.0032,0.0199
1116,8/12/2015 9:00,0.0787,0.1775,0.0083,0.0243
1117,8/12/2015 15:00,0.0707,0.1339,0.0112,0.0279
1118,8/12/2015 21:00,0.0642,0.1092,0.0032,0.0206
1119,8/13/2015 3:00,0.0613,0.1049,0.0017,0.0192
1120,8/13/2015 9:00,0.0802,0.1739,0.0054,0.0221
1121,8/13/2015 15:00,0.07,0.1368,0.0083,0.025
1122,8/13/2015 21:00,0.0628,0.1136,-0.0004,0.017
1123,8/14/2015 3:00,0.0649,0.11,-0.0012,0.0155
1124,8/14/2015 9:00,0.0678,0.1027,0.0046,0.0192
1125,8/14/2015 15:00,0.0758,0.0751,0.0068,0.0235
1126,8/14/2015 21:00,0.0715,0.0613,-0.0019,0.0148
1127,8/15/2015 3:00,0.07,0.0584,-0.0033,0.0134
1128,8/15/2015 9:00,0.0824,0.179,0.0032,0.0177
1129,8/15/2015 15:00,0.0678,0.1557,0.0061,0.0228
1130,8/15/2015 21:00,0.0598,0.1339,-0.0012,0.0148
1131,8/16/2015 3:00,0.0649,0.1267,-0.0019,0.0141
1132,8/16/2015 9:00,0.0983,0.2008,0.0032,0.0177
1133,8/16/2015 15:00,0.0853,0.1746,0.0061,0.0214
1134,8/16/2015 21:00,0.0809,0.1601,0.001,0.0163
1135,8/17/2015 3:00,0.0853,0.1535,0.0003,0.0155
1136,8/17/2015 9:00,0.1426,0.2066,0.0032,0.0184
1137,8/17/2015 15:00,0.1259,0.1906,0.009,0.0243
1138,8/17/2015 21:00,0.1158,0.1702,-0.0019,0.0148
1139,8/18/2015 3:00,0.1172,0.1637,-0.0019,0.0141
1140,8/18/2015 9:00,0.1448,0.2116,0.0039,0.0184
1141,8/18/2015 15:00,0.1259,0.1899,0.0083,0.0235
1142,8/18/2015 21:00,0.1165,0.1702,-0.0019,0.0141
1143,8/19/2015 3:00,0.1172,0.1637,-0.0019,0.0141
1144,8/19/2015 9:00,0.1201,0.2124,0.0025,0.0177
1145,8/19/2015 15:00,0.1063,0.1942,0.0017,0.0177
1146,8/19/2015 21:00,0.1056,0.1811,-0.0012,0.0148
1147,8/20/2015 3:00,0.1071,0.1753,-0.0012,0.0141
1148,8/20/2015 9:00,0.1078,0.2102,0.001,0.0163
1149,8/20/2015 15:00,0.1005,0.2015,0.0039,0.0192
1150,8/20/2015 21:00,0.0998,0.1899,-0.0012,0.0148
1151,8/21/2015 3:00,0.1012,0.1848,-0.0004,0.0148
1152,8/21/2015 9:00,0.1114,0.2189,0.0025,0.0177
1153,8/21/2015 15:00,0.1085,0.2095,0.0054,0.0199
1154,8/21/2015 21:00,0.1107,0.2008,0.0039,0.0177
1155,8/22/2015 3:00,0.1121,0.1957,0.0039,0.0184
1156,8/22/2015 9:00,0.1172,0.2196,0.0054,0.0199
1157,8/22/2015 15:00,0.1535,0.2262,0.1296,0.1535
1158,8/22/2015 21:00,0.1579,0.216,0.1209,0.1441
1159,8/23/2015 3:00,0.1579,0.2102,0.1143,0.1347
1160,8/23/2015 9:00,0.1666,0.2247,0.1092,0.131
1161,8/23/2015 15:00,0.1543,0.2102,0.102,0.1223
1162,8/23/2015 21:00,0.147,0.1964,0.0889,0.1078
1163,8/24/2015 3:00,0.147,0.1928,0.086,0.1034
1164,8/24/2015 9:00,0.1492,0.2189,0.0845,0.102
1165,8/24/2015 15:00,0.1325,0.2022,0.0758,0.0933
1166,8/24/2015 21:00,0.1245,0.187,0.0606,0.0795
1167,8/25/2015 3:00,0.1267,0.184,0.0569,0.0773
1168,8/25/2015 9:00,0.1339,0.2116,0.0548,0.0751
1169,8/25/2015 15:00,0.1347,0.2095,0.0686,0.0766
1170,8/25/2015 21:00,0.1347,0.1993,0.0606,0.0715
1171,8/26/2015 3:00,0.1368,0.192,0.0584,0.0707
1172,8/26/2015 9:00,0.1463,0.2218,0.0584,0.0715
1173,8/26/2015 15:00,0.1332,0.2051,0.049,0.0635
1174,8/26/2015 21:00,0.1281,0.1906,0.0366,0.0511
1175,8/27/2015 3:00,0.131,0.1862,0.0337,0.049
1176,8/27/2015 9:00,0.1441,0.2225,0.0381,0.0519
1177,8/27/2015 15:00,0.1318,0.2058,0.0337,0.0475
1178,8/27/2015 21:00,0.1274,0.1928,0.025,0.0381
1179,8/28/2015 3:00,0.1303,0.1891,0.0228,0.0366
1180,8/28/2015 9:00,0.1412,0.2218,0.0272,0.0395
1181,8/28/2015 15:00,0.1281,0.2051,0.0272,0.0402
1182,8/28/2015 21:00,0.123,0.1906,0.0163,0.0301
1183,8/29/2015 3:00,0.1252,0.187,0.0155,0.0286
1184,8/29/2015 9:00,0.1288,0.2189,0.0206,0.0322
1185,8/29/2015 15:00,0.1136,0.2,0.0206,0.0352
1186,8/29/2015 21:00,0.1092,0.1855,0.0119,0.0243
1187,8/30/2015 3:00,0.1129,0.1819,0.0105,0.0235
1188,8/30/2015 9:00,0.1296,0.2247,0.0148,0.0264
1189,8/30/2015 15:00,0.118,0.2087,0.0148,0.0293
1190,8/30/2015 21:00,0.1165,0.1964,0.0083,0.0214
1191,8/31/2015 3:00,0.1194,0.1913,0.0068,0.0206
1192,8/31/2015 9:00,0.1238,0.2276,0.0126,0.025
1193,8/31/2015 15:00,0.1092,0.208,0.0134,0.0279
1194,8/31/2015 21:00,0.1034,0.1949,0.0054,0.0192
1195,9/1/2015 3:00,0.1078,0.1906,0.0046,0.0177
1196,9/1/2015 9:00,0.1092,0.2233,0.0097,0.0221
1197,9/1/2015 15:00,0.0991,0.2073,0.0097,0.0235
1198,9/1/2015 21:00,0.0983,0.1971,0.0046,0.0177
1199,9/2/2015 3:00,0.102,0.1928,0.0046,0.0177
1200,9/2/2015 9:00,0.1129,0.2247,0.0097,0.0221
1201,9/2/2015 15:00,0.1012,0.2022,0.0097,0.0257
1202,9/2/2015 21:00,0.0925,0.187,0.0025,0.0155
1203,9/3/2015 3:00,0.0969,0.1826,0.0017,0.0141
1204,9/3/2015 9:00,0.1085,0.2262,0.0054,0.0184
1205,9/3/2015 15:00,0.0991,0.208,0.0105,0.0257
1206,9/3/2015 21:00,0.0933,0.1928,0.0017,0.0148
1207,9/4/2015 3:00,0.0969,0.1884,0.001,0.0134
1208,9/4/2015 9:00,0.1078,0.2225,0.0061,0.0184
1209,9/4/2015 15:00,0.0991,0.2022,0.0068,0.0206
1210,9/4/2015 21:00,0.0962,0.1906,0.0017,0.0148
1211,9/5/2015 3:00,0.0991,0.187,0.001,0.0134
1212,9/5/2015 9:00,0.1042,0.2211,0.0046,0.017
1213,9/5/2015 15:00,0.0976,0.2,0.009,0.0243
1214,9/5/2015 21:00,0.0933,0.187,0.0017,0.0141
1215,9/6/2015 3:00,0.0976,0.1833,0.001,0.0134
1216,9/6/2015 9:00,0.1056,0.2254,0.0046,0.0177
1217,9/6/2015 15:00,0.0969,0.1993,0.0097,0.025
1218,9/6/2015 21:00,0.0874,0.1833,0.0003,0.0134
1219,9/7/2015 3:00,0.0911,0.179,-0.0004,0.0126
1220,9/7/2015 9:00,0.094,0.2262,0.0039,0.0163
1221,9/7/2015 15:00,0.1005,0.1993,0.0068,0.0228
1222,9/7/2015 21:00,0.0831,0.1848,-0.0012,0.0126
1223,9/8/2015 3:00,0.0867,0.1804,-0.0012,0.0112
1224,9/8/2015 9:00,0.0904,0.2254,0.0032,0.0155
1225,9/8/2015 15:00,0.0983,0.1978,0.0039,0.0184
1226,9/8/2015 21:00,0.0925,0.184,-0.0026,0.0112
1227,9/9/2015 3:00,0.0882,0.179,-0.0026,0.0105
1228,9/9/2015 9:00,0.0838,0.224,0.001,0.0134
1229,9/9/2015 15:00,0.0889,0.2109,0.0003,0.0141
1230,9/9/2015 21:00,0.0874,0.2022,-0.0004,0.0119
1231,9/10/2015 3:00,0.0853,0.1957,-0.0012,0.0112
1232,9/10/2015 9:00,0.0824,0.2291,0.0032,0.0155
1233,9/10/2015 15:00,0.0853,0.2153,0.0177,0.0184
1234,9/10/2015 21:00,0.11,0.232,0.1238,0.1405
1235,9/11/2015 3:00,0.118,0.224,0.1129,0.1332
1236,9/11/2015 9:00,0.1477,0.2356,0.1071,0.1288
1237,9/11/2015 15:00,0.1419,0.2225,0.1027,0.1238
1238,9/11/2015 21:00,0.139,0.2131,0.0933,0.1114
1239,9/12/2015 3:00,0.1397,0.208,0.0874,0.1056
1240,9/12/2015 9:00,0.1499,0.2313,0.0838,0.1012
1241,9/12/2015 15:00,0.1419,0.2138,0.0758,0.0925
1242,9/12/2015 21:00,0.139,0.2008,0.0635,0.078
1243,9/13/2015 3:00,0.1397,0.1957,0.0591,0.0751
1244,9/13/2015 9:00,0.1456,0.2254,0.0598,0.0744
1245,9/13/2015 15:00,0.1397,0.2124,0.0555,0.0671
1246,9/13/2015 21:00,0.1368,0.2008,0.0446,0.0533
1247,9/14/2015 3:00,0.1376,0.1964,0.0417,0.0511
1248,9/14/2015 9:00,0.1456,0.2276,0.0446,0.0526
1249,9/14/2015 15:00,0.1397,0.2124,0.0417,0.0504
1250,9/14/2015 21:00,0.1376,0.2008,0.0308,0.0366
1251,9/15/2015 3:00,0.1383,0.1978,0.0301,0.0359
1252,9/15/2015 9:00,0.1426,0.2298,0.033,0.0388
1253,9/15/2015 15:00,0.1361,0.2153,0.033,0.0424
1254,9/15/2015 21:00,0.1347,0.2066,0.0264,0.0322
1255,9/16/2015 3:00,0.1361,0.2029,0.0257,0.0315
1256,9/16/2015 9:00,0.1426,0.2305,0.0301,0.0352
1257,9/16/2015 15:00,0.1368,0.2131,0.0279,0.0373
1258,9/16/2015 21:00,0.1347,0.2015,0.0192,0.0264
1259,9/17/2015 3:00,0.1368,0.1971,0.0177,0.025
1260,9/17/2015 9:00,0.1426,0.2305,0.0221,0.0279
1261,9/17/2015 15:00,0.1368,0.2116,0.0228,0.0344
1262,9/17/2015 21:00,0.1347,0.1993,0.0126,0.0221
1263,9/18/2015 3:00,0.1368,0.1957,0.0112,0.0206
1264,9/18/2015 9:00,0.1434,0.2254,0.0163,0.0243
1265,9/18/2015 15:00,0.1361,0.2015,0.017,0.0301
1266,9/18/2015 21:00,0.1347,0.192,0.0068,0.0177
1267,9/19/2015 3:00,0.1383,0.1891,0.0054,0.0163
1268,9/19/2015 9:00,0.1492,0.2247,0.0112,0.0206
1269,9/19/2015 15:00,0.1412,0.2015,0.0126,0.0279
1270,9/19/2015 21:00,0.1397,0.1884,0.0032,0.0148
1271,9/20/2015 3:00,0.1412,0.1862,0.0025,0.0141
1272,9/20/2015 9:00,0.1412,0.224,0.0076,0.0184
1273,9/20/2015 15:00,0.1354,0.2008,0.0083,0.0228
1274,9/20/2015 21:00,0.1288,0.1899,0.0017,0.0148
1275,9/21/2015 3:00,0.1296,0.1877,0.0068,0.017
1276,9/21/2015 9:00,0.1332,0.224,0.0083,0.0192
1277,9/21/2015 15:00,0.1296,0.2087,0.0105,0.0243
1278,9/21/2015 21:00,0.1281,0.1957,0.0032,0.0155
1279,9/22/2015 3:00,0.1318,0.1928,0.0017,0.0134
1280,9/22/2015 9:00,0.1347,0.2276,0.0068,0.0184
1281,9/22/2015 15:00,0.1303,0.2087,0.0083,0.025
1282,9/22/2015 21:00,0.1288,0.1957,-0.0012,0.0119
1283,9/23/2015 3:00,0.1332,0.1913,-0.0033,0.0097
1284,9/23/2015 9:00,0.1354,0.2269,0.0032,0.0148
1285,9/23/2015 15:00,0.1288,0.2058,0.0046,0.0228
1286,9/23/2015 21:00,0.1281,0.1928,-0.0041,0.0097
1287,9/24/2015 3:00,0.1318,0.1899,-0.0041,0.009
1288,9/24/2015 9:00,0.1347,0.1884,0.001,0.0134
1289,9/24/2015 15:00,0.1303,0.1681,0.0025,0.017
1290,9/24/2015 21:00,0.1223,0.1623,-0.0026,0.0105
1291,9/25/2015 3:00,0.1259,0.1615,-0.0048,0.009
1292,9/25/2015 9:00,0.1288,0.1608,0.0017,0.0141
1293,9/25/2015 15:00,0.1383,0.1405,0.0025,0.0184
1294,9/25/2015 21:00,0.1245,0.131,-0.0048,0.009
1295,9/26/2015 3:00,0.1209,0.1303,-0.0062,0.0076
1296,9/26/2015 9:00,0.123,0.1296,-0.0004,0.0126
1297,9/26/2015 15:00,0.1347,0.0954,0.0017,0.0192
1298,9/26/2015 21:00,0.1274,0.0882,-0.007,0.0068
1299,9/27/2015 3:00,0.1172,0.0882,-0.0084,0.0054
1300,9/27/2015 9:00,0.115,0.0882,-0.0033,0.0097
1301,9/27/2015 15:00,0.1216,0.0831,-0.0026,0.0119
1302,9/27/2015 21:00,0.1187,0.0824,-0.0041,0.009
1303,9/28/2015 3:00,0.1121,0.0816,0.001,0.0126
1304,9/28/2015 9:00,0.1201,0.1506,0.1158,0.1441
1305,9/28/2015 15:00,0.1216,0.1463,0.1056,0.1376
1306,9/28/2015 21:00,0.1216,0.1412,0.0954,0.1245
1307,9/29/2015 3:00,0.123,0.1405,0.0911,0.1187
1308,9/29/2015 9:00,0.1245,0.1397,0.0874,0.1158
1309,9/29/2015 15:00,0.1201,0.1129,0.0831,0.1092
1310,9/29/2015 21:00,0.1172,0.1034,0.0744,0.0969
1311,9/30/2015 3:00,0.1187,0.1027,0.0715,0.0933
1312,9/30/2015 9:00,0.1187,0.1027,0.07,0.0925
1313,9/30/2015 15:00,0.1281,0.0795,0.0649,0.0824
1314,9/30/2015 21:00,0.1172,0.0758,0.0548,0.0707
1315,10/1/2015 3:00,0.1121,0.0751,0.0519,0.0686
1316,10/1/2015 9:00,0.1143,0.1732,0.0519,0.0678
1317,10/1/2015 15:00,0.118,0.1528,0.0482,0.062
1318,10/1/2015 21:00,0.1063,0.1397,0.0381,0.049
1319,10/2/2015 3:00,0.1092,0.1368,0.0359,0.0468
1320,10/2/2015 9:00,0.1114,0.1913,0.0373,0.0475
1321,10/2/2015 15:00,0.1121,0.2102,0.0344,0.0439
1322,10/2/2015 21:00,0.1143,0.1957,0.025,0.0322
1323,10/3/2015 3:00,0.1172,0.1884,0.0221,0.0308
1324,10/3/2015 9:00,0.1245,0.2204,0.0272,0.0337
1325,10/3/2015 15:00,0.1194,0.2066,0.0264,0.0352
1326,10/3/2015 21:00,0.1201,0.1949,0.017,0.0243
1327,10/4/2015 3:00,0.1223,0.1877,0.0155,0.0228
1328,10/4/2015 9:00,0.1259,0.2233,0.0184,0.025
1329,10/4/2015 15:00,0.1223,0.2116,0.0199,0.0286
1330,10/4/2015 21:00,0.1223,0.2008,0.0112,0.0199
1331,10/5/2015 3:00,0.1252,0.1957,0.009,0.0177
1332,10/5/2015 9:00,0.1397,0.2269,0.0141,0.0221
1333,10/5/2015 15:00,0.1339,0.216,0.0155,0.0257
1334,10/5/2015 21:00,0.1318,0.2073,0.0076,0.017
1335,10/6/2015 3:00,0.1325,0.2022,0.0068,0.017
1336,10/6/2015 9:00,0.1376,0.2276,0.0119,0.0199
1337,10/6/2015 15:00,0.1332,0.2153,0.0126,0.0243
1338,10/6/2015 21:00,0.1318,0.2066,0.0046,0.0155
1339,10/7/2015 3:00,0.1332,0.2022,0.0032,0.0141
1340,10/7/2015 9:00,0.139,0.2313,0.009,0.0184
1341,10/7/2015 15:00,0.1339,0.2189,0.0097,0.0214
1342,10/7/2015 21:00,0.1332,0.2109,0.0025,0.0141
1343,10/8/2015 3:00,0.1339,0.2073,0.0017,0.0134
1344,10/8/2015 9:00,0.1419,0.2334,0.0061,0.017
1345,10/8/2015 15:00,0.1361,0.2218,0.009,0.0214
1346,10/8/2015 21:00,0.1332,0.2138,0.0017,0.0134
1347,10/9/2015 3:00,0.1339,0.2102,0.001,0.0134
1348,10/9/2015 9:00,0.1412,0.2349,0.0046,0.0163
1349,10/9/2015 15:00,0.1354,0.224,0.0046,0.0184
1350,10/9/2015 21:00,0.1361,0.216,0.0003,0.0126
1351,10/10/2015 3:00,0.1368,0.2124,-0.0012,0.0112
1352,10/10/2015 9:00,0.1456,0.2356,0.0025,0.0141
1353,10/10/2015 15:00,0.1405,0.224,0.0046,0.0184
1354,10/10/2015 21:00,0.1405,0.216,-0.0041,0.009
1355,10/11/2015 3:00,0.1412,0.2124,-0.0055,0.0076
1356,10/11/2015 9:00,0.1441,0.2356,-0.0004,0.0119
1357,10/11/2015 15:00,0.139,0.2254,0.0039,0.0184
1358,10/11/2015 21:00,0.1405,0.2182,-0.0019,0.0097
1359,10/12/2015 3:00,0.1419,0.2146,-0.0026,0.0097
1360,10/12/2015 9:00,0.1485,0.2349,0.001,0.0126
1361,10/12/2015 15:00,0.1419,0.2247,0.0046,0.0192
1362,10/12/2015 21:00,0.1419,0.2167,-0.0012,0.0112
1363,10/13/2015 3:00,0.1434,0.2138,-0.0012,0.0112
1364,10/13/2015 9:00,0.1456,0.2334,0.0003,0.0126
1365,10/13/2015 15:00,0.1397,0.2204,0.001,0.017
1366,10/13/2015 21:00,0.1405,0.2116,-0.0084,0.0054
1367,10/14/2015 3:00,0.1441,0.2087,-0.0092,0.0039
1368,10/14/2015 9:00,0.163,0.2334,-0.0041,0.009
1369,10/14/2015 15:00,0.1543,0.2218,0.0003,0.0148
1370,10/14/2015 21:00,0.1528,0.2138,-0.0092,0.0046
1371,10/15/2015 3:00,0.1543,0.2102,-0.0099,0.0025
1372,10/15/2015 9:00,0.1557,0.2349,-0.0048,0.0076
1373,10/15/2015 15:00,0.1492,0.2233,-0.0004,0.0141
1374,10/15/2015 21:00,0.1499,0.2153,-0.0092,0.0039
1375,10/16/2015 3:00,0.1506,0.2116,-0.0106,0.0025
1376,10/16/2015 9:00,0.1579,0.2363,-0.0062,0.0061
1377,10/16/2015 15:00,0.1528,0.2262,-0.0012,0.0134
1378,10/16/2015 21:00,0.1521,0.2196,-0.0084,0.0039
1379,10/17/2015 3:00,0.1528,0.216,-0.0099,0.0025
1380,10/17/2015 9:00,0.1594,0.2371,-0.0084,0.0046
1381,10/17/2015 15:00,0.155,0.2276,-0.0041,0.0105
1382,10/17/2015 21:00,0.1535,0.2204,-0.0113,0.001
1383,10/18/2015 3:00,0.1535,0.2167,-0.0128,-0.0004
1384,10/18/2015 9:00,0.1557,0.2385,-0.0092,0.0039
1385,10/18/2015 15:00,0.1514,0.2305,-0.0048,0.009
1386,10/18/2015 21:00,0.1514,0.2225,-0.0128,0.0003
1387,10/19/2015 3:00,0.1521,0.2189,-0.0135,-0.0004
1388,10/19/2015 9:00,0.1586,0.2392,-0.0084,0.0032
1389,10/19/2015 15:00,0.1521,0.232,-0.0055,0.009
1390,10/19/2015 21:00,0.1528,0.2247,-0.0135,-0.0004
1391,10/20/2015 3:00,0.1535,0.2211,-0.0135,-0.0012
1392,10/20/2015 9:00,0.1623,0.2414,-0.0077,0.0039
1393,10/20/2015 15:00,0.1564,0.2342,-0.0041,0.009
1394,10/20/2015 21:00,0.155,0.2276,-0.0077,0.0046
1395,10/21/2015 3:00,0.155,0.2247,-0.0084,0.0039
1396,10/21/2015 9:00,0.1615,0.2422,-0.0033,0.0076
1397,10/21/2015 15:00,0.1564,0.2327,-0.0033,0.0105
1398,10/21/2015 21:00,0.1557,0.2276,-0.0084,0.0046
1399,10/22/2015 3:00,0.1557,0.224,-0.0092,0.0032
1400,10/22/2015 9:00,0.1615,0.2414,-0.0055,0.0068
1401,10/22/2015 15:00,0.1579,0.2342,-0.0033,0.009
1402,10/22/2015 21:00,0.1579,0.2298,-0.0048,0.0076
1403,10/23/2015 3:00,0.1564,0.2262,-0.0048,0.0076
1404,10/23/2015 9:00,0.2138,0.2567,0.1448,0.1782
1405,10/23/2015 15:00,0.192,0.24,0.1245,0.1608
1406,10/23/2015 21:00,0.1913,0.2334,0.118,0.1492
1407,10/24/2015 3:00,0.1899,0.2298,0.1143,0.1434
1408,10/24/2015 9:00,0.1942,0.2429,0.1129,0.1397
1409,10/24/2015 15:00,0.216,0.256,0.1608,0.2008
1410,10/24/2015 21:00,0.2196,0.2581,0.171,0.2182
1411,10/25/2015 3:00,0.2204,0.2581,0.1761,0.2233
1412,10/25/2015 9:00,0.2472,0.2698,0.2247,0.2632
1413,10/25/2015 15:00,0.2472,0.269,0.2196,0.2545
1414,10/25/2015 21:00,0.261,0.2792,0.2363,0.2698
1415,10/26/2015 3:00,0.248,0.2668,0.2102,0.2509
1416,10/26/2015 9:00,0.2342,0.2596,0.1971,0.2371
1417,10/26/2015 15:00,0.2298,0.2523,0.1928,0.2313
1418,10/26/2015 21:00,0.2284,0.2472,0.1877,0.2247
1419,10/27/2015 3:00,0.2247,0.2436,0.1862,0.2211
1420,10/27/2015 9:00,0.2233,0.2501,0.1848,0.2196
1421,10/27/2015 15:00,0.2204,0.2436,0.1862,0.2204
1422,10/27/2015 21:00,0.216,0.2378,0.1804,0.2131
1423,10/28/2015 3:00,0.2146,0.2356,0.1775,0.2102
1424,10/28/2015 9:00,0.2167,0.248,0.1797,0.2116
1425,10/28/2015 15:00,0.2146,0.2363,0.1797,0.2102
1426,10/28/2015 21:00,0.2109,0.2334,0.1753,0.2037
1427,10/29/2015 3:00,0.2102,0.2305,0.1739,0.2022
1428,10/29/2015 9:00,0.2138,0.2443,0.1753,0.2037
1429,10/29/2015 15:00,0.2109,0.2349,0.1761,0.2044
1430,10/29/2015 21:00,0.2073,0.2298,0.171,0.1986
1431,10/30/2015 3:00,0.2066,0.2276,0.1702,0.1978
1432,10/30/2015 9:00,0.2102,0.2429,0.1717,0.1986
1433,10/30/2015 15:00,0.2116,0.2407,0.1753,0.2044
1434,10/30/2015 21:00,0.2087,0.2363,0.1739,0.2022
1435,10/31/2015 3:00,0.2182,0.2414,0.1826,0.2175
1436,10/31/2015 9:00,0.2487,0.2618,0.2327,0.2698
1437,10/31/2015 15:00,0.2284,0.248,0.2109,0.2465
1438,10/31/2015 21:00,0.2247,0.2429,0.2022,0.2378
1439,11/1/2015 3:00,0.224,0.2407,0.1978,0.2327
1440,11/1/2015 9:00,0.2254,0.2487,0.1964,0.2313
1441,11/1/2015 15:00,0.2276,0.2516,0.2022,0.2378
1442,11/1/2015 21:00,0.2756,0.2705,0.2879,0.2741
1443,11/2/2015 3:00,0.2378,0.2567,0.2153,0.248
1444,11/2/2015 9:00,0.2342,0.256,0.2073,0.2422
1445,11/2/2015 15:00,0.2313,0.2487,0.2022,0.2378
1446,11/2/2015 21:00,0.2269,0.2451,0.1971,0.2327
1447,11/3/2015 3:00,0.2247,0.2422,0.1949,0.2284
1448,11/3/2015 9:00,0.2262,0.2494,0.1957,0.2276
1449,11/3/2015 15:00,0.2218,0.2429,0.1928,0.2262
1450,11/3/2015 21:00,0.2218,0.2392,0.1913,0.2225
1451,11/4/2015 3:00,0.2189,0.2371,0.1899,0.2211
1452,11/4/2015 9:00,0.2211,0.2472,0.1906,0.2211
1453,11/4/2015 15:00,0.2196,0.2392,0.1906,0.2218
1454,11/4/2015 21:00,0.2167,0.2349,0.187,0.2167
1455,11/5/2015 3:00,0.2153,0.2334,0.1862,0.2153
1456,11/5/2015 9:00,0.2175,0.2458,0.1877,0.2167
1457,11/5/2015 15:00,0.216,0.2378,0.1891,0.2189
1458,11/5/2015 21:00,0.2146,0.2349,0.184,0.2146
1459,11/6/2015 3:00,0.2472,0.2516,0.2189,0.2465
1460,11/6/2015 9:00,0.2472,0.2603,0.2269,0.2596
1461,11/6/2015 15:00,0.2327,0.248,0.2131,0.2443
1462,11/6/2015 21:00,0.2276,0.2436,0.2037,0.2356
1463,11/7/2015 3:00,0.2298,0.2407,0.2,0.232
1464,11/7/2015 9:00,0.2625,0.269,0.2879,0.2719
1465,11/7/2015 15:00,0.2516,0.261,0.2371,0.256
1466,11/7/2015 21:00,0.2429,0.2516,0.2146,0.2429
1467,11/8/2015 3:00,0.2378,0.2472,0.2066,0.2363
1468,11/8/2015 9:00,0.2371,0.2509,0.2029,0.232
1469,11/8/2015 15:00,0.2342,0.2429,0.2015,0.2313
1470,11/8/2015 21:00,0.2291,0.2385,0.1935,0.224
1471,11/9/2015 3:00,0.2276,0.2363,0.192,0.2218
1472,11/9/2015 9:00,0.2313,0.2472,0.1935,0.2225
1473,11/9/2015 15:00,0.2254,0.2385,0.1949,0.2233
1474,11/9/2015 21:00,0.224,0.2342,0.1899,0.2175
1475,11/10/2015 3:00,0.2233,0.2327,0.1884,0.2167
1476,11/10/2015 9:00,0.2247,0.2458,0.1906,0.2182
1477,11/10/2015 15:00,0.2225,0.2371,0.1928,0.2204
1478,11/10/2015 21:00,0.2218,0.2342,0.1891,0.2167
1479,11/11/2015 3:00,0.2204,0.2313,0.1891,0.216
1480,11/11/2015 9:00,0.2218,0.2451,0.1891,0.2167
1481,11/11/2015 15:00,0.2211,0.2385,0.1899,0.2182
1482,11/11/2015 21:00,0.2414,0.2596,0.2247,0.2596
1483,11/12/2015 3:00,0.2313,0.2443,0.2008,0.2334
1484,11/12/2015 9:00,0.2313,0.2487,0.1978,0.2284
1485,11/12/2015 15:00,0.2284,0.2392,0.1949,0.2262
1486,11/12/2015 21:00,0.2247,0.2363,0.1891,0.2189
1487,11/13/2015 3:00,0.2247,0.2284,0.1884,0.2175
1488,11/13/2015 9:00,0.2247,0.2298,0.1891,0.2182
1489,11/13/2015 15:00,0.2233,0.2284,0.1884,0.2182
1490,11/13/2015 21:00,0.2211,0.2254,0.1848,0.2138
1491,11/14/2015 3:00,0.2204,0.2247,0.184,0.2116
1492,11/14/2015 9:00,0.2211,0.2247,0.1862,0.2138
1493,11/14/2015 15:00,0.2196,0.2225,0.1855,0.2146
1494,11/14/2015 21:00,0.2175,0.2211,0.1833,0.2109
1495,11/15/2015 3:00,0.216,0.2218,0.1862,0.2131
1496,11/15/2015 9:00,0.2211,0.2305,0.1899,0.2218
1497,11/15/2015 15:00,0.2196,0.2269,0.1891,0.2204
1498,11/15/2015 21:00,0.2189,0.224,0.1848,0.2138
1499,11/16/2015 3:00,0.2182,0.2225,0.1848,0.2131
1500,11/16/2015 9:00,0.2167,0.2225,0.1862,0.2138
1501,11/16/2015 15:00,0.216,0.2225,0.187,0.2153
1502,11/16/2015 21:00,0.2167,0.2211,0.1877,0.2146
1503,11/17/2015 3:00,0.2182,0.2211,0.187,0.2146
1504,11/17/2015 9:00,0.2828,0.2727,0.2981,0.2806
1505,11/17/2015 15:00,0.2857,0.2763,0.3061,0.2886
1506,11/17/2015 21:00,0.2472,0.2552,0.2313,0.2545
1507,11/18/2015 3:00,0.24,0.2487,0.2189,0.2451
1508,11/18/2015 9:00,0.24,0.2451,0.2146,0.2414
1509,11/18/2015 15:00,0.2378,0.24,0.2102,0.2392
1510,11/18/2015 21:00,0.2342,0.2356,0.2022,0.2305
1511,11/19/2015 3:00,0.2334,0.2334,0.1993,0.2276
1512,11/19/2015 9:00,0.2334,0.2334,0.2,0.2284
1513,11/19/2015 15:00,0.2334,0.2313,0.2,0.2298
1514,11/19/2015 21:00,0.2305,0.2284,0.1942,0.2225
1515,11/20/2015 3:00,0.2298,0.2276,0.1935,0.2211
1516,11/20/2015 9:00,0.2291,0.2269,0.1942,0.2225
1517,11/20/2015 15:00,0.2284,0.2254,0.1942,0.2233
1518,11/20/2015 21:00,0.2262,0.2233,0.1899,0.2175
1519,11/21/2015 3:00,0.2254,0.2233,0.1906,0.2175
1520,11/21/2015 9:00,0.2291,0.2247,0.1928,0.2211
1521,11/21/2015 15:00,0.2276,0.2225,0.1884,0.2182
1522,11/21/2015 21:00,0.2262,0.2196,0.1848,0.2116
1523,11/22/2015 3:00,0.2233,0.2182,0.1833,0.2102
1524,11/22/2015 9:00,0.224,0.2175,0.1848,0.2116
1525,11/22/2015 15:00,0.2225,0.2182,0.1855,0.2146
1526,11/22/2015 21:00,0.2204,0.216,0.1819,0.208
1527,11/23/2015 3:00,0.2196,0.2153,0.1811,0.2073
1528,11/23/2015 9:00,0.2189,0.216,0.1833,0.2095
1529,11/23/2015 15:00,0.2182,0.2167,0.1848,0.2131
1530,11/23/2015 21:00,0.2175,0.2146,0.1804,0.2073
1531,11/24/2015 3:00,0.216,0.2146,0.1811,0.208
1532,11/24/2015 9:00,0.216,0.2138,0.1826,0.2095
1533,11/24/2015 15:00,0.2146,0.2153,0.184,0.2124
1534,11/24/2015 21:00,0.2138,0.2138,0.1797,0.2066
1535,11/25/2015 3:00,0.2124,0.2131,0.1804,0.2073
1536,11/25/2015 9:00,0.2116,0.2146,0.1819,0.2095
1537,11/25/2015 15:00,0.2116,0.2153,0.1826,0.2102
1538,11/25/2015 21:00,0.2109,0.2138,0.1804,0.2073
1539,11/26/2015 3:00,0.2116,0.2138,0.1804,0.208
1540,11/26/2015 9:00,0.2124,0.2146,0.1826,0.2095
1541,11/26/2015 15:00,0.2116,0.2153,0.1833,0.2116
1542,11/26/2015 21:00,0.2109,0.2138,0.1811,0.2087
1543,11/27/2015 3:00,0.2109,0.2153,0.1819,0.2102
1544,11/27/2015 9:00,0.2116,0.2153,0.1819,0.2102
1545,11/27/2015 15:00,0.2109,0.2153,0.1833,0.2109
1546,11/27/2015 21:00,0.2109,0.2138,0.1804,0.208
1547,11/28/2015 3:00,0.2225,0.2269,0.1906,0.2254
1548,11/28/2015 9:00,0.2254,0.2269,0.1884,0.2225
1549,11/28/2015 15:00,0.232,0.2305,0.192,0.2269
1550,11/28/2015 21:00,0.2581,0.2545,0.2109,0.248
1551,11/29/2015 3:00,0.2625,0.2596,0.2225,0.2581
1552,11/29/2015 9:00,0.248,0.2472,0.2095,0.2451
1553,11/29/2015 15:00,0.2414,0.2443,0.2087,0.2414
1554,11/29/2015 21:00,0.2538,0.2538,0.216,0.2509
1555,11/30/2015 3:00,0.2451,0.248,0.2116,0.2443
1556,11/30/2015 9:00,0.2414,0.2458,0.2102,0.2407
1557,11/30/2015 15:00,0.2385,0.2422,0.2066,0.2378
1558,11/30/2015 21:00,0.2371,0.2392,0.2037,0.2349
1559,12/1/2015 3:00,0.2363,0.2371,0.2008,0.2313
1560,12/1/2015 9:00,0.2363,0.2349,0.1993,0.2298
1561,12/1/2015 15:00,0.2356,0.2342,0.1978,0.2284
1562,12/1/2015 21:00,0.2334,0.2313,0.1942,0.2247
1563,12/2/2015 3:00,0.232,0.2298,0.1935,0.2233
1564,12/2/2015 9:00,0.232,0.2284,0.1928,0.2225
1565,12/2/2015 15:00,0.232,0.2262,0.1928,0.2225
1566,12/2/2015 21:00,0.2291,0.2233,0.1891,0.2175
1567,12/3/2015 3:00,0.2284,0.2218,0.187,0.2146
1568,12/3/2015 9:00,0.2291,0.2218,0.1891,0.2167
1569,12/3/2015 15:00,0.2291,0.2218,0.1891,0.2182
1570,12/3/2015 21:00,0.2262,0.2196,0.1855,0.2131
1571,12/4/2015 3:00,0.2254,0.2182,0.184,0.2116
1572,12/4/2015 9:00,0.2262,0.2189,0.1862,0.2138
1573,12/4/2015 15:00,0.2254,0.2189,0.1862,0.2153
1574,12/4/2015 21:00,0.2225,0.2167,0.1826,0.2095
1575,12/5/2015 3:00,0.2218,0.216,0.1819,0.208
1576,12/5/2015 9:00,0.2218,0.216,0.1848,0.2109
1577,12/5/2015 15:00,0.2218,0.2175,0.1855,0.2146
1578,12/5/2015 21:00,0.2204,0.2153,0.1819,0.208
1579,12/6/2015 3:00,0.2196,0.2146,0.1811,0.2066
1580,12/6/2015 9:00,0.2196,0.2153,0.1833,0.2095
1581,12/6/2015 15:00,0.2196,0.216,0.1855,0.2131
1582,12/6/2015 21:00,0.2182,0.2146,0.1811,0.2073
1583,12/7/2015 3:00,0.2175,0.2138,0.1804,0.2066
1584,12/7/2015 9:00,0.2175,0.2146,0.1826,0.2087
1585,12/7/2015 15:00,0.2175,0.2153,0.184,0.2138
1586,12/7/2015 21:00,0.216,0.2131,0.1797,0.208
1587,12/8/2015 3:00,0.216,0.2116,0.179,0.2066
1588,12/8/2015 9:00,0.216,0.2124,0.1811,0.208
1589,12/8/2015 15:00,0.2153,0.2138,0.1826,0.2109
1590,12/8/2015 21:00,0.2153,0.2116,0.1797,0.2058
1591,12/9/2015 3:00,0.2153,0.2124,0.179,0.2051
1592,12/9/2015 9:00,0.2153,0.2124,0.1811,0.2058
1593,12/9/2015 15:00,0.2153,0.2131,0.1826,0.2102
1594,12/9/2015 21:00,0.2138,0.2109,0.1782,0.2037
1595,12/10/2015 3:00,0.2131,0.2102,0.1775,0.2029
1596,12/10/2015 9:00,0.2138,0.2116,0.1804,0.2066
1597,12/10/2015 15:00,0.2138,0.2131,0.1819,0.2095
1598,12/10/2015 21:00,0.2131,0.2109,0.179,0.2051
1599,12/11/2015 3:00,0.2131,0.2124,0.1797,0.2058
1600,12/11/2015 9:00,0.2131,0.2131,0.1811,0.2073
1601,12/11/2015 15:00,0.2131,0.2131,0.1819,0.2095
1602,12/11/2015 21:00,0.2116,0.2116,0.1797,0.2066
1603,12/12/2015 3:00,0.2116,0.2109,0.1797,0.2066
1604,12/12/2015 9:00,0.2116,0.2124,0.1804,0.2073
1605,12/12/2015 15:00,0.2116,0.2131,0.1797,0.2066
1606,12/12/2015 21:00,0.2131,0.2182,0.1877,0.2153
1607,12/13/2015 3:00,0.2284,0.2385,0.2015,0.2385
1608,12/13/2015 9:00,0.2676,0.2647,0.2828,0.2857
1609,12/13/2015 15:00,0.2857,0.2668,0.3039,0.2821
1610,12/13/2015 21:00,0.2509,0.2501,0.2378,0.2581
1611,12/14/2015 3:00,0.2436,0.2451,0.2262,0.2501
1612,12/14/2015 9:00,0.2407,0.2414,0.2218,0.2465
1613,12/14/2015 15:00,0.24,0.2392,0.2182,0.2443
1614,12/14/2015 21:00,0.2363,0.2356,0.2102,0.2356
1615,12/15/2015 3:00,0.2349,0.2327,0.2073,0.2334
1616,12/15/2015 9:00,0.2342,0.2327,0.208,0.2342
1617,12/15/2015 15:00,0.2342,0.2327,0.2073,0.2349
1618,12/15/2015 21:00,0.2327,0.2305,0.2037,0.2313
1619,12/16/2015 3:00,0.232,0.2305,0.2022,0.2305
1620,12/16/2015 9:00,0.2371,0.2342,0.2058,0.2342
1621,12/16/2015 15:00,0.2342,0.2313,0.2022,0.2298
1622,12/16/2015 21:00,0.232,0.2276,0.1971,0.2247
1623,12/17/2015 3:00,0.2305,0.2254,0.1949,0.2218
1624,12/17/2015 9:00,0.2291,0.2247,0.1964,0.2225
1625,12/17/2015 15:00,0.2284,0.224,0.1957,0.224
1626,12/17/2015 21:00,0.2262,0.2218,0.192,0.2182
1627,12/18/2015 3:00,0.2269,0.2204,0.1913,0.2167
1628,12/18/2015 9:00,0.2262,0.2196,0.192,0.2175
1629,12/18/2015 15:00,0.2269,0.2204,0.192,0.2196
1630,12/18/2015 21:00,0.2247,0.2175,0.1884,0.2138
1631,12/19/2015 3:00,0.224,0.2167,0.1877,0.2131
1632,12/19/2015 9:00,0.224,0.2175,0.1899,0.2153
1633,12/19/2015 15:00,0.2233,0.2182,0.1899,0.2167
1634,12/19/2015 21:00,0.2196,0.2153,0.1862,0.2109
1635,12/20/2015 3:00,0.2189,0.2153,0.1855,0.2102
1636,12/20/2015 9:00,0.2189,0.216,0.1877,0.2131
1637,12/20/2015 15:00,0.2189,0.216,0.1884,0.2146
1638,12/20/2015 21:00,0.2182,0.216,0.1891,0.2153
1639,12/21/2015 3:00,0.2182,0.216,0.1891,0.216
1640,12/21/2015 9:00,0.2167,0.2175,0.192,0.2182
1641,12/21/2015 15:00,0.2189,0.2182,0.1913,0.2189
1642,12/21/2015 21:00,0.2182,0.216,0.1891,0.2153
1643,12/22/2015 3:00,0.2182,0.2153,0.1891,0.2146
1644,12/22/2015 9:00,0.2182,0.216,0.1906,0.216
1645,12/22/2015 15:00,0.2167,0.2153,0.1899,0.2167
1646,12/22/2015 21:00,0.216,0.2153,0.1891,0.2153
1647,12/23/2015 3:00,0.2182,0.2196,0.1949,0.2233
1648,12/23/2015 9:00,0.2196,0.2189,0.1935,0.2211
1649,12/23/2015 15:00,0.2182,0.2175,0.1906,0.2189
1650,12/23/2015 21:00,0.2167,0.216,0.1862,0.2116
1651,12/24/2015 3:00,0.216,0.2146,0.1848,0.2109
1652,12/24/2015 9:00,0.2167,0.2153,0.1877,0.2131
1653,12/24/2015 15:00,0.2153,0.2146,0.1884,0.2153
1654,12/24/2015 21:00,0.2146,0.2146,0.187,0.2131
1655,12/25/2015 3:00,0.2146,0.2146,0.187,0.2138
1656,12/25/2015 9:00,0.216,0.2146,0.1891,0.2153
1657,12/25/2015 15:00,0.2146,0.2138,0.1891,0.216
1658,12/25/2015 21:00,0.2146,0.2138,0.187,0.2131
1659,12/26/2015 3:00,0.2153,0.2211,0.2051,0.2298
1660,12/26/2015 9:00,0.2189,0.2211,0.1942,0.224
1661,12/26/2015 15:00,0.2167,0.2189,0.1913,0.2211
1662,12/26/2015 21:00,0.2153,0.2175,0.1891,0.2175
1663,12/27/2015 3:00,0.2153,0.2175,0.1906,0.2182
1664,12/27/2015 9:00,0.2189,0.2225,0.1957,0.2262
1665,12/27/2015 15:00,0.2196,0.2233,0.1957,0.2262
1666,12/27/2015 21:00,0.2748,0.2632,0.2843,0.2857
1667,12/28/2015 3:00,0.2552,0.2618,0.2719,0.2734
1668,12/28/2015 9:00,0.2392,0.2465,0.2291,0.2567
1669,12/28/2015 15:00,0.2342,0.24,0.2196,0.2472
1670,12/28/2015 21:00,0.232,0.2371,0.2138,0.2414
1671,12/29/2015 3:00,0.2305,0.2342,0.2102,0.2385
1672,12/29/2015 9:00,0.2305,0.2334,0.208,0.2356
1673,12/29/2015 15:00,0.2305,0.2313,0.2058,0.2342
1674,12/29/2015 21:00,0.2291,0.2305,0.2037,0.2313
1675,12/30/2015 3:00,0.2291,0.2291,0.2029,0.2305
1676,12/30/2015 9:00,0.2298,0.2269,0.2022,0.2298
1677,12/30/2015 15:00,0.2291,0.2269,0.2,0.2291
1678,12/30/2015 21:00,0.2269,0.224,0.1971,0.2247
1679,12/31/2015 3:00,0.2254,0.2225,0.1949,0.2225
1680,12/31/2015 9:00,0.2254,0.2225,0.1964,0.2233
1681,12/31/2015 15:00,0.2254,0.2218,0.1942,0.2225
1682,12/31/2015 21:00,0.2247,0.2204,0.1928,0.2204
1683,1/1/2016 3:00,0.2233,0.2196,0.192,0.2189
1684,1/1/2016 9:00,0.2233,0.2189,0.1913,0.2182
1685,1/1/2016 15:00,0.2225,0.2175,0.1906,0.2175
1686,1/1/2016 21:00,0.2211,0.2175,0.1891,0.216
1687,1/2/2016 3:00,0.2204,0.216,0.1891,0.2153
1688,1/2/2016 9:00,0.2211,0.2167,0.1899,0.216
1689,1/2/2016 15:00,0.2196,0.2153,0.1891,0.216
1690,1/2/2016 21:00,0.2189,0.216,0.1884,0.2146
1691,1/3/2016 3:00,0.2189,0.2146,0.1884,0.2146
1692,1/3/2016 9:00,0.2182,0.2153,0.1884,0.2146
1693,1/3/2016 15:00,0.2182,0.2146,0.1884,0.2153
1694,1/3/2016 21:00,0.216,0.2131,0.1848,0.2095
1695,1/4/2016 3:00,0.216,0.2109,0.1833,0.208
1696,1/4/2016 9:00,0.216,0.2124,0.1855,0.2109
1697,1/4/2016 15:00,0.216,0.2131,0.1855,0.2131
1698,1/4/2016 21:00,0.2138,0.2102,0.1826,0.2073
1699,1/5/2016 3:00,0.2138,0.2102,0.1819,0.2058
1700,1/5/2016 9:00,0.2138,0.2102,0.1826,0.2073
1701,1/5/2016 15:00,0.2138,0.2116,0.1848,0.2109
1702,1/5/2016 21:00,0.2124,0.2087,0.1804,0.2051
1703,1/6/2016 3:00,0.2124,0.2095,0.1804,0.2051
1704,1/6/2016 9:00,0.2131,0.2102,0.1826,0.2073
1705,1/6/2016 15:00,0.2131,0.2109,0.184,0.2095
1706,1/6/2016 21:00,0.2153,0.2131,0.1942,0.2189
1707,1/7/2016 3:00,0.2523,0.2545,0.2392,0.2683
1708,1/7/2016 9:00,0.2422,0.2436,0.2196,0.2523
1709,1/7/2016 15:00,0.2385,0.2385,0.2153,0.248
1710,1/7/2016 21:00,0.232,0.2334,0.208,0.2407
1711,1/8/2016 3:00,0.2313,0.2327,0.2066,0.2378
1712,1/8/2016 9:00,0.2313,0.232,0.2066,0.2371
1713,1/8/2016 15:00,0.2313,0.2305,0.2058,0.2371
1714,1/8/2016 21:00,0.2777,0.2581,0.2937,0.277
1715,1/9/2016 3:00,0.248,0.2443,0.2327,0.256
1716,1/9/2016 9:00,0.2443,0.2414,0.2247,0.2509
1717,1/9/2016 15:00,0.24,0.2385,0.2175,0.2451
1718,1/9/2016 21:00,0.2378,0.2349,0.2124,0.24
1719,1/10/2016 3:00,0.2363,0.232,0.2087,0.2356
1720,1/10/2016 9:00,0.2334,0.2305,0.2066,0.2342
1721,1/10/2016 15:00,0.2327,0.2291,0.2044,0.2342
1722,1/10/2016 21:00,0.2305,0.2254,0.2,0.2284
1723,1/11/2016 3:00,0.2291,0.2233,0.1978,0.2262
1724,1/11/2016 9:00,0.2298,0.224,0.1993,0.2262
1725,1/11/2016 15:00,0.2305,0.2247,0.2,0.2291
1726,1/11/2016 21:00,0.2291,0.2218,0.1957,0.2225
1727,1/12/2016 3:00,0.2284,0.2196,0.1949,0.2211
1728,1/12/2016 9:00,0.2284,0.2204,0.1964,0.2225
1729,1/12/2016 15:00,0.2284,0.2196,0.1928,0.2262
1730,1/12/2016 21:00,0.2262,0.2167,0.187,0.2189
1731,1/13/2016 3:00,0.2247,0.2146,0.1862,0.2175
1732,1/13/2016 9:00,0.2247,0.216,0.1884,0.2196
1733,1/13/2016 15:00,0.2269,0.2334,0.1899,0.2233
1734,1/13/2016 21:00,0.2262,0.2262,0.1848,0.216
1735,1/14/2016 3:00,0.2254,0.2225,0.184,0.2146
1736,1/14/2016 9:00,0.2262,0.2218,0.1862,0.216
1737,1/14/2016 15:00,0.2392,0.2516,0.1877,0.2204
1738,1/14/2016 21:00,0.2291,0.2385,0.1848,0.2167
1739,1/15/2016 3:00,0.2262,0.2334,0.1862,0.2175
1740,1/15/2016 9:00,0.2262,0.2305,0.1862,0.2175
1741,1/15/2016 15:00,0.2356,0.253,0.1862,0.2182
1742,1/15/2016 21:00,0.2269,0.2392,0.1811,0.2109
1743,1/16/2016 3:00,0.2262,0.2327,0.1804,0.2102
1744,1/16/2016 9:00,0.2262,0.2313,0.1833,0.2116
1745,1/16/2016 15:00,0.24,0.2523,0.1819,0.2124
1746,1/16/2016 21:00,0.2371,0.2451,0.1884,0.2189
1747,1/17/2016 3:00,0.2313,0.2378,0.1826,0.2146
1748,1/17/2016 9:00,0.2298,0.2334,0.1833,0.2146
1749,1/17/2016 15:00,0.2385,0.2545,0.1833,0.2167
1750,1/17/2016 21:00,0.2298,0.2407,0.1797,0.2102
1751,1/18/2016 3:00,0.2298,0.2342,0.1782,0.208
1752,1/18/2016 9:00,0.2291,0.2327,0.1804,0.2102
1753,1/18/2016 15:00,0.2392,0.2545,0.1819,0.2138
1754,1/18/2016 21:00,0.2305,0.2407,0.1775,0.2073
1755,1/19/2016 3:00,0.2291,0.2349,0.1768,0.2058
1756,1/19/2016 9:00,0.2276,0.2334,0.1797,0.208
1757,1/19/2016 15:00,0.2385,0.2523,0.1804,0.2124
1758,1/19/2016 21:00,0.2269,0.2392,0.1775,0.2066
1759,1/20/2016 3:00,0.2254,0.2342,0.1782,0.2073
1760,1/20/2016 9:00,0.2254,0.232,0.1782,0.2066
1761,1/20/2016 15:00,0.2371,0.253,0.1782,0.2087
1762,1/20/2016 21:00,0.2276,0.2407,0.1768,0.2051
1763,1/21/2016 3:00,0.2262,0.2349,0.1775,0.2051
1764,1/21/2016 9:00,0.224,0.2334,0.179,0.2073
1765,1/21/2016 15:00,0.2392,0.2567,0.2262,0.2632
1766,1/21/2016 21:00,0.232,0.2443,0.2109,0.2523
1767,1/22/2016 3:00,0.2269,0.2407,0.2051,0.2458
1768,1/22/2016 9:00,0.2269,0.2363,0.2015,0.2414
1769,1/22/2016 15:00,0.2363,0.2523,0.1986,0.2407
1770,1/22/2016 21:00,0.2262,0.2407,0.1928,0.2334
1771,1/23/2016 3:00,0.2254,0.2349,0.1906,0.2298
1772,1/23/2016 9:00,0.2254,0.2334,0.1928,0.2305
1773,1/23/2016 15:00,0.2349,0.2538,0.1942,0.2334
1774,1/23/2016 21:00,0.2269,0.2407,0.1884,0.2254
1775,1/24/2016 3:00,0.224,0.2349,0.187,0.2233
1776,1/24/2016 9:00,0.2233,0.2342,0.1891,0.2247
1777,1/24/2016 15:00,0.2327,0.2523,0.1913,0.2291
1778,1/24/2016 21:00,0.2247,0.24,0.1877,0.2233
1779,1/25/2016 3:00,0.2225,0.2349,0.1877,0.2233
1780,1/25/2016 9:00,0.2204,0.2342,0.1891,0.224
1781,1/25/2016 15:00,0.2291,0.2523,0.1906,0.2254
1782,1/25/2016 21:00,0.2196,0.24,0.1862,0.2211
1783,1/26/2016 3:00,0.2225,0.2342,0.1848,0.2189
1784,1/26/2016 9:00,0.224,0.2298,0.1848,0.2175
1785,1/26/2016 15:00,0.2313,0.248,0.1826,0.216
1786,1/26/2016 21:00,0.2218,0.2363,0.1811,0.2124
1787,1/27/2016 3:00,0.2218,0.2305,0.1797,0.2109
1788,1/27/2016 9:00,0.2218,0.2291,0.1819,0.2116
1789,1/27/2016 15:00,0.2313,0.2472,0.1811,0.2131
1790,1/27/2016 21:00,0.2218,0.2334,0.1768,0.2066
1791,1/28/2016 3:00,0.2211,0.2291,0.1761,0.2051
1792,1/28/2016 9:00,0.2211,0.2276,0.1797,0.2087
1793,1/28/2016 15:00,0.2305,0.248,0.1811,0.2138
1794,1/28/2016 21:00,0.2211,0.2349,0.1761,0.2066
1795,1/29/2016 3:00,0.2196,0.2298,0.1761,0.2051
1796,1/29/2016 9:00,0.2196,0.2284,0.179,0.2073
1797,1/29/2016 15:00,0.2138,0.2291,0.1804,0.2124
1798,1/29/2016 21:00,0.2153,0.2276,0.1761,0.2051
1799,1/30/2016 3:00,0.2175,0.2247,0.1753,0.2044
1800,1/30/2016 9:00,0.2182,0.2247,0.179,0.2066
1801,1/30/2016 15:00,0.2131,0.2247,0.179,0.2102
1802,1/30/2016 21:00,0.2146,0.2211,0.1753,0.2044
1803,1/31/2016 3:00,0.2146,0.2211,0.1761,0.2044
1804,1/31/2016 9:00,0.2138,0.2211,0.1782,0.2073
1805,1/31/2016 15:00,0.2116,0.2218,0.179,0.2095
1806,1/31/2016 21:00,0.2124,0.2182,0.1753,0.2029
1807,2/1/2016 3:00,0.2124,0.2189,0.1768,0.2044
1808,2/1/2016 9:00,0.2116,0.2189,0.1775,0.2066
1809,2/1/2016 15:00,0.2058,0.2196,0.1775,0.2073
1810,2/1/2016 21:00,0.208,0.2167,0.1739,0.2022
1811,2/2/2016 3:00,0.2102,0.216,0.1739,0.2022
1812,2/2/2016 9:00,0.2109,0.216,0.1746,0.2029
1813,2/2/2016 15:00,0.2124,0.2356,0.1732,0.2015
1814,2/2/2016 21:00,0.2087,0.224,0.1673,0.1928
1815,2/3/2016 3:00,0.2138,0.2196,0.1673,0.192
1816,2/3/2016 9:00,0.2153,0.2182,0.1681,0.1928
1817,2/3/2016 15:00,0.2218,0.2407,0.1673,0.1942
1818,2/3/2016 21:00,0.2146,0.2269,0.1637,0.1877
1819,2/4/2016 3:00,0.2153,0.2218,0.163,0.187
1820,2/4/2016 9:00,0.2167,0.2218,0.1659,0.1891
1821,2/4/2016 15:00,0.2254,0.2414,0.1659,0.1906
1822,2/4/2016 21:00,0.2167,0.2269,0.1608,0.184
1823,2/5/2016 3:00,0.216,0.2233,0.1608,0.1833
1824,2/5/2016 9:00,0.2167,0.2218,0.1637,0.1862
1825,2/5/2016 15:00,0.2218,0.2451,0.1644,0.1899
1826,2/5/2016 21:00,0.2167,0.2313,0.1594,0.1833
1827,2/6/2016 3:00,0.216,0.2269,0.1608,0.1833
1828,2/6/2016 9:00,0.2291,0.2363,0.1804,0.2087
1829,2/6/2016 15:00,0.2327,0.2516,0.1761,0.2073
1830,2/6/2016 21:00,0.2225,0.2371,0.1695,0.1993
1831,2/7/2016 3:00,0.2218,0.2305,0.1681,0.1964
1832,2/7/2016 9:00,0.2189,0.2298,0.171,0.1986
1833,2/7/2016 15:00,0.2262,0.2516,0.1724,0.2022
1834,2/7/2016 21:00,0.2204,0.2378,0.1659,0.1935
1835,2/8/2016 3:00,0.2211,0.232,0.1644,0.1913
1836,2/8/2016 9:00,0.2211,0.2291,0.1673,0.1928
1837,2/8/2016 15:00,0.2284,0.2436,0.1644,0.1906
1838,2/8/2016 21:00,0.2204,0.232,0.1586,0.1826
1839,2/9/2016 3:00,0.2182,0.2276,0.1586,0.1819
1840,2/9/2016 9:00,0.2196,0.2276,0.1623,0.184
1841,2/9/2016 15:00,0.2269,0.2443,0.1623,0.1862
1842,2/9/2016 21:00,0.2196,0.232,0.1557,0.1782
1843,2/10/2016 3:00,0.2211,0.2276,0.1564,0.1782
1844,2/10/2016 9:00,0.2204,0.2262,0.1601,0.1811
1845,2/10/2016 15:00,0.2262,0.2487,0.1608,0.1848
1846,2/10/2016 21:00,0.2189,0.2349,0.155,0.1775
1847,2/11/2016 3:00,0.2182,0.2298,0.1543,0.1775
1848,2/11/2016 9:00,0.2175,0.2291,0.1579,0.1804
1849,2/11/2016 15:00,0.2233,0.248,0.1564,0.1819
1850,2/11/2016 21:00,0.2153,0.2342,0.1506,0.1739
1851,2/12/2016 3:00,0.2153,0.2291,0.1499,0.1732
1852,2/12/2016 9:00,0.2182,0.2284,0.1543,0.1775
1853,2/12/2016 15:00,0.2247,0.2487,0.1543,0.179
1854,2/12/2016 21:00,0.2167,0.2356,0.147,0.1702
1855,2/13/2016 3:00,0.2189,0.2305,0.147,0.1702
1856,2/13/2016 9:00,0.2189,0.2284,0.1499,0.1717
1857,2/13/2016 15:00,0.2233,0.2494,0.1477,0.1732
1858,2/13/2016 21:00,0.2167,0.2356,0.1426,0.1666
1859,2/14/2016 3:00,0.2124,0.232,0.1441,0.1688
1860,2/14/2016 9:00,0.2109,0.2298,0.1456,0.171
1861,2/14/2016 15:00,0.224,0.2501,0.1448,0.171
1862,2/14/2016 21:00,0.2138,0.2371,0.1419,0.1681
1863,2/15/2016 3:00,0.2131,0.232,0.1426,0.1688
1864,2/15/2016 9:00,0.2131,0.232,0.1499,0.1746
1865,2/15/2016 15:00,0.2225,0.248,0.1463,0.1746
1866,2/15/2016 21:00,0.216,0.2349,0.1397,0.1652
1867,2/16/2016 3:00,0.216,0.2298,0.139,0.163
1868,2/16/2016 9:00,0.216,0.2291,0.1426,0.1666
1869,2/16/2016 15:00,0.2233,0.2465,0.1383,0.1659
1870,2/16/2016 21:00,0.2167,0.232,0.131,0.1564
1871,2/17/2016 3:00,0.2167,0.2276,0.1303,0.155
1872,2/17/2016 9:00,0.2196,0.2269,0.1332,0.1579
1873,2/17/2016 15:00,0.2211,0.24,0.1296,0.1586
1874,2/17/2016 21:00,0.2175,0.2284,0.1238,0.1499
1875,2/18/2016 3:00,0.2182,0.224,0.123,0.1492
1876,2/18/2016 9:00,0.2247,0.2349,0.1267,0.1521
1877,2/18/2016 15:00,0.2109,0.2298,0.1216,0.1514
1878,2/18/2016 21:00,0.2146,0.224,0.115,0.1448
1879,2/19/2016 3:00,0.2153,0.2225,0.1165,0.1463
1880,2/19/2016 9:00,0.216,0.2363,0.1194,0.1485
1881,2/19/2016 15:00,0.2066,0.2298,0.1121,0.1456
1882,2/19/2016 21:00,0.2124,0.2233,0.1063,0.1397
1883,2/20/2016 3:00,0.2138,0.2218,0.1085,0.1405
1884,2/20/2016 9:00,0.2138,0.2342,0.1107,0.1434
1885,2/20/2016 15:00,0.2124,0.2291,0.1114,0.1448
1886,2/20/2016 21:00,0.2138,0.2247,0.11,0.1434
1887,2/21/2016 3:00,0.2153,0.2233,0.1107,0.1434
1888,2/21/2016 9:00,0.2167,0.232,0.1129,0.1456
1889,2/21/2016 15:00,0.2146,0.2284,0.1121,0.1463
1890,2/21/2016 21:00,0.2407,0.2523,0.1964,0.2385
1891,2/22/2016 3:00,0.2763,0.2625,0.248,0.2763
1892,2/22/2016 9:00,0.2385,0.2538,0.2175,0.253
1893,2/22/2016 15:00,0.2327,0.2451,0.2037,0.2392
1894,2/22/2016 21:00,0.2342,0.24,0.1971,0.232
1895,2/23/2016 3:00,0.232,0.2378,0.1935,0.2276
1896,2/23/2016 9:00,0.2603,0.2603,0.2392,0.2719
1897,2/23/2016 15:00,0.2451,0.2472,0.2204,0.2552
1898,2/23/2016 21:00,0.2422,0.2436,0.2124,0.248
1899,2/24/2016 3:00,0.2414,0.24,0.2073,0.2422
1900,2/24/2016 9:00,0.2392,0.2458,0.2073,0.2407
1901,2/24/2016 15:00,0.232,0.2378,0.2008,0.2363
1902,2/24/2016 21:00,0.2334,0.232,0.1949,0.2284
1903,2/25/2016 3:00,0.2342,0.2298,0.1928,0.2262
1904,2/25/2016 9:00,0.2385,0.2436,0.1978,0.2291
1905,2/25/2016 15:00,0.2276,0.2349,0.1949,0.2269
1906,2/25/2016 21:00,0.2305,0.2291,0.1884,0.2189
1907,2/26/2016 3:00,0.2313,0.2262,0.187,0.2167
1908,2/26/2016 9:00,0.2378,0.2414,0.1913,0.2204
1909,2/26/2016 15:00,0.2254,0.2342,0.1913,0.2211
1910,2/26/2016 21:00,0.2276,0.2276,0.184,0.2131
1911,2/27/2016 3:00,0.2291,0.2247,0.184,0.2116
1912,2/27/2016 9:00,0.2363,0.2414,0.1891,0.216
1913,2/27/2016 15:00,0.2196,0.2342,0.1891,0.2182
1914,2/27/2016 21:00,0.2254,0.2269,0.1826,0.2102
1915,2/28/2016 3:00,0.2262,0.224,0.1819,0.2087
1916,2/28/2016 9:00,0.232,0.2356,0.1862,0.2131
1917,2/28/2016 15:00,0.2211,0.2313,0.1848,0.2124
1918,2/28/2016 21:00,0.2233,0.2262,0.1804,0.208
1919,2/29/2016 3:00,0.2247,0.2233,0.1797,0.2066
1920,2/29/2016 9:00,0.2262,0.2334,0.1826,0.2095
1921,2/29/2016 15:00,0.2196,0.232,0.1862,0.2124
1922,2/29/2016 21:00,0.2225,0.2254,0.1804,0.2073
1923,3/1/2016 3:00,0.2233,0.224,0.1804,0.2058
1924,3/1/2016 9:00,0.224,0.2298,0.1811,0.208
1925,3/1/2016 15:00,0.2196,0.2284,0.1826,0.2102
1926,3/1/2016 21:00,0.224,0.2233,0.1768,0.2029
1927,3/2/2016 3:00,0.2254,0.2211,0.1746,0.2008
1928,3/2/2016 9:00,0.232,0.2327,0.179,0.2037
1929,3/2/2016 15:00,0.216,0.2276,0.1782,0.2044
1930,3/2/2016 21:00,0.2189,0.2225,0.1724,0.1971
1931,3/3/2016 3:00,0.2189,0.2218,0.1739,0.1986
1932,3/3/2016 9:00,0.224,0.2298,0.1775,0.2022
