Run,Date,LOAR38.control,LOMU37.control,LOAR53.water,LOMU52.water
1,8/6/2014 14:45,0.086,0.1361,0.1528,0.0976
2,8/6/2014 18:45,0.0802,0.1303,0.1412,0.0853
3,8/6/2014 22:45,0.0802,0.1281,0.139,0.0838
4,8/7/2014 2:45,0.0795,0.1267,0.1383,0.0838
5,8/7/2014 6:45,0.0787,0.1259,0.1376,0.0838
6,8/7/2014 10:45,0.0773,0.1245,0.1354,0.0809
7,8/7/2014 14:45,0.0693,0.1194,0.1281,0.0671
8,8/7/2014 18:45,0.0635,0.1129,0.1194,0.054
9,8/7/2014 22:45,0.0642,0.1107,0.1165,0.0526
10,8/8/2014 2:45,0.0649,0.1092,0.1158,0.0526
11,8/8/2014 6:45,0.0635,0.1092,0.115,0.0526
12,8/8/2014 10:45,0.0606,0.1078,0.1129,0.0497
13,8/8/2014 14:45,0.0511,0.1005,0.1049,0.0431
14,8/8/2014 18:45,0.0446,0.0933,0.0954,0.0359
15,8/8/2014 22:45,0.046,0.0911,0.0925,0.0352
16,8/9/2014 2:45,0.046,0.0904,0.0911,0.0344
17,8/9/2014 6:45,0.046,0.0896,0.0911,0.0344
18,8/9/2014 10:45,0.0446,0.0889,0.0904,0.0344
19,8/9/2014 14:45,0.0344,0.0831,0.0831,0.0337
20,8/9/2014 18:45,0.0279,0.0758,0.0758,0.0293
21,8/9/2014 22:45,0.0286,0.0744,0.0736,0.0279
22,8/10/2014 2:45,0.0293,0.0729,0.0729,0.0286
23,8/10/2014 6:45,0.0301,0.0729,0.0729,0.0286
24,8/10/2014 10:45,0.0264,0.0715,0.0722,0.0279
25,8/10/2014 14:45,0.0148,0.0649,0.0678,0.0286
26,8/10/2014 18:45,0.0105,0.0584,0.062,0.0257
27,8/10/2014 22:45,0.0119,0.0569,0.0606,0.0243
28,8/11/2014 2:45,0.0126,0.0555,0.0598,0.0235
29,8/11/2014 6:45,0.0126,0.0555,0.0591,0.0243
30,8/11/2014 10:45,0.0105,0.054,0.0598,0.0235
31,8/11/2014 14:45,0.0032,0.049,0.0569,0.025
32,8/11/2014 18:45,0.1347,0.1637,0.1586,0.1209
33,8/11/2014 22:45,0.1245,0.1615,0.1543,0.1296
34,8/12/2014 2:45,0.1165,0.1586,0.1521,0.1303
35,8/12/2014 6:45,0.1129,0.1564,0.1506,0.1318
36,8/12/2014 10:45,0.1092,0.1557,0.1485,0.1318
37,8/12/2014 14:45,0.102,0.1506,0.1419,0.1201
38,8/12/2014 18:45,0.0954,0.1434,0.1318,0.1049
39,8/12/2014 22:45,0.0933,0.139,0.1288,0.1034
40,8/13/2014 2:45,0.0911,0.1368,0.1267,0.1027
41,8/13/2014 6:45,0.0882,0.1347,0.1252,0.1027
42,8/13/2014 10:45,0.0845,0.1332,0.1223,0.0983
43,8/13/2014 14:45,0.0773,0.1267,0.1143,0.0816
44,8/13/2014 18:45,0.0715,0.1194,0.1034,0.0678
45,8/13/2014 22:45,0.0707,0.1165,0.1012,0.0671
46,8/14/2014 2:45,0.0693,0.1143,0.0991,0.0671
47,8/14/2014 6:45,0.0671,0.1129,0.0976,0.0657
48,8/14/2014 10:45,0.0649,0.1107,0.0947,0.062
49,8/14/2014 14:45,0.0548,0.1034,0.086,0.0482
50,8/14/2014 18:45,0.0475,0.0962,0.0773,0.0366
51,8/14/2014 22:45,0.0482,0.094,0.0751,0.0359
52,8/15/2014 2:45,0.0482,0.0918,0.0736,0.0352
53,8/15/2014 6:45,0.0468,0.0911,0.0729,0.0352
54,8/15/2014 10:45,0.0439,0.0889,0.07,0.0337
55,8/15/2014 14:45,0.033,0.0816,0.0649,0.0293
56,8/15/2014 18:45,0.0264,0.0751,0.0598,0.0257
57,8/15/2014 22:45,0.0272,0.0729,0.0569,0.0257
58,8/16/2014 2:45,0.0272,0.0722,0.0569,0.0257
59,8/16/2014 6:45,0.0279,0.0715,0.0562,0.025
60,8/16/2014 10:45,0.025,0.07,0.0562,0.025
61,8/16/2014 14:45,0.0134,0.0613,0.054,0.0264
62,8/16/2014 18:45,0.009,0.0548,0.0504,0.0228
63,8/16/2014 22:45,0.0097,0.054,0.049,0.0214
64,8/17/2014 2:45,0.0097,0.0526,0.0482,0.0214
65,8/17/2014 6:45,0.0105,0.0519,0.0482,0.0221
66,8/17/2014 10:45,0.0083,0.0511,0.049,0.0214
67,8/17/2014 14:45,0.001,0.0439,0.0475,0.0228
68,8/17/2014 18:45,-0.0012,0.041,0.046,0.0199
69,8/17/2014 22:45,-0.0012,0.0402,0.0446,0.0199
70,8/18/2014 2:45,-0.0004,0.0402,0.0446,0.0199
71,8/18/2014 6:45,-0.0004,0.0402,0.0439,0.0199
72,8/18/2014 10:45,-0.0004,0.0395,0.0446,0.0199
73,8/18/2014 14:45,-0.0055,0.0352,0.0446,0.0221
74,8/18/2014 18:45,-0.0077,0.0315,0.0424,0.0192
75,8/18/2014 22:45,-0.0084,0.0315,0.041,0.0184
76,8/19/2014 2:45,-0.0084,0.0322,0.0402,0.0184
77,8/19/2014 6:45,-0.0084,0.0322,0.0402,0.017
78,8/19/2014 10:45,-0.0084,0.0308,0.041,0.0177
79,8/19/2014 14:45,-0.0106,0.0272,0.0424,0.0206
80,8/19/2014 18:45,-0.0121,0.025,0.0388,0.0184
81,8/19/2014 22:45,-0.0099,0.0301,0.041,0.0221
82,8/20/2014 2:45,-0.0092,0.0308,0.0417,0.0243
83,8/20/2014 6:45,-0.0084,0.0308,0.0417,0.0243
84,8/20/2014 10:45,-0.0062,0.0315,0.0431,0.0264
85,8/20/2014 14:45,-0.0077,0.0301,0.0439,0.0264
86,8/20/2014 18:45,-0.0084,0.0279,0.0424,0.025
87,8/20/2014 22:45,-0.0092,0.0301,0.0417,0.0257
88,8/21/2014 2:45,-0.0084,0.0301,0.0417,0.025
89,8/21/2014 6:45,-0.0077,0.0301,0.0424,0.0257
90,8/21/2014 10:45,-0.0062,0.0308,0.0424,0.0264
91,8/21/2014 14:45,-0.0092,0.0272,0.0424,0.025
92,8/21/2014 18:45,-0.0106,0.0243,0.041,0.0235
93,8/21/2014 22:45,-0.0106,0.0257,0.0395,0.0235
94,8/22/2014 2:45,-0.0113,0.0264,0.0395,0.0228
95,8/22/2014 6:45,-0.0113,0.0264,0.0395,0.0235
96,8/22/2014 10:45,-0.0113,0.0257,0.0402,0.0235
97,8/22/2014 14:45,-0.0121,0.0235,0.0402,0.025
98,8/22/2014 18:45,-0.0135,0.0214,0.0395,0.0228
99,8/22/2014 22:45,-0.0142,0.0214,0.0373,0.0221
100,8/23/2014 2:45,-0.0142,0.0221,0.0366,0.0206
101,8/23/2014 6:45,-0.0142,0.0228,0.0366,0.0214
102,8/23/2014 10:45,-0.0142,0.0214,0.0373,0.0228
103,8/23/2014 14:45,-0.0142,0.0199,0.0388,0.0243
104,8/23/2014 18:45,-0.0157,0.0184,0.0366,0.0221
105,8/23/2014 22:45,-0.0164,0.0177,0.0352,0.0214
106,8/24/2014 2:45,-0.0171,0.0184,0.0344,0.0214
107,8/24/2014 6:45,-0.0171,0.0192,0.0344,0.0206
108,8/24/2014 10:45,-0.0164,0.0184,0.0352,0.0221
109,8/24/2014 14:45,-0.0164,0.0177,0.0366,0.0243
110,8/24/2014 18:45,-0.0171,0.0155,0.0344,0.0221
111,8/24/2014 22:45,-0.0186,0.0148,0.0322,0.0206
112,8/25/2014 2:45,-0.0193,0.0148,0.0322,0.0199
113,8/25/2014 6:45,-0.0193,0.0155,0.0315,0.0192
114,8/25/2014 10:45,-0.0186,0.0155,0.033,0.0199
115,8/25/2014 14:45,-0.0179,0.0148,0.0344,0.0235
116,8/25/2014 18:45,-0.0186,0.0141,0.033,0.0214
117,8/25/2014 22:45,-0.02,0.0126,0.0315,0.0199
118,8/26/2014 2:45,-0.0208,0.0119,0.0301,0.0192
119,8/26/2014 6:45,-0.0208,0.0119,0.0293,0.0177
120,8/26/2014 10:45,-0.02,0.0126,0.0315,0.0192
121,8/26/2014 14:45,-0.0193,0.0126,0.0308,0.0214
122,8/26/2014 18:45,-0.02,0.0112,0.0308,0.0199
123,8/26/2014 22:45,-0.0215,0.0097,0.0286,0.0192
124,8/27/2014 2:45,-0.0222,0.0097,0.0286,0.017
125,8/27/2014 6:45,-0.023,0.0097,0.0279,0.0163
126,8/27/2014 10:45,-0.0215,0.0105,0.0286,0.0184
127,8/27/2014 14:45,-0.02,0.0112,0.0308,0.0221
128,8/27/2014 18:45,-0.0215,0.0097,0.0293,0.0192
129,8/27/2014 22:45,-0.0222,0.0083,0.0272,0.0177
130,8/28/2014 2:45,-0.0237,0.0076,0.0264,0.0163
131,8/28/2014 6:45,-0.0237,0.0076,0.0264,0.0155
132,8/28/2014 10:45,-0.023,0.0083,0.0279,0.017
133,8/28/2014 14:45,-0.0215,0.0097,0.0293,0.0206
134,8/28/2014 18:45,-0.0222,0.0083,0.0279,0.0184
135,8/28/2014 22:45,-0.0237,0.0068,0.0257,0.017
136,8/29/2014 2:45,-0.0244,0.0061,0.0257,0.0155
137,8/29/2014 6:45,-0.0251,0.0061,0.025,0.0148
138,8/29/2014 10:45,-0.0237,0.0068,0.0272,0.0177
139,8/29/2014 14:45,-0.0222,0.0083,0.0286,0.0199
140,8/29/2014 18:45,-0.0237,0.0068,0.0264,0.017
141,8/29/2014 22:45,-0.0244,0.0054,0.025,0.0163
142,8/30/2014 2:45,-0.0251,0.0046,0.0243,0.0155
143,8/30/2014 6:45,-0.0251,0.0046,0.0243,0.0148
144,8/30/2014 10:45,-0.0244,0.0046,0.0243,0.0155
145,8/30/2014 14:45,-0.0237,0.0054,0.0264,0.017
146,8/30/2014 18:45,-0.0244,0.0054,0.0257,0.0163
147,8/30/2014 22:45,-0.0251,0.0046,0.0243,0.0155
148,8/31/2014 2:45,-0.0259,0.0039,0.0235,0.0148
149,8/31/2014 6:45,-0.0259,0.0032,0.0235,0.0148
150,8/31/2014 10:45,-0.0251,0.0039,0.0243,0.0155
151,8/31/2014 14:45,-0.0244,0.0054,0.0257,0.017
152,8/31/2014 18:45,-0.0251,0.0046,0.025,0.0155
153,8/31/2014 22:45,-0.0259,0.0032,0.0235,0.0148
154,9/1/2014 2:45,-0.0259,0.0032,0.0235,0.0148
155,9/1/2014 6:45,-0.0259,0.0032,0.0235,0.0148
156,9/1/2014 10:45,-0.0251,0.0039,0.025,0.0163
157,9/1/2014 14:45,-0.0244,0.0054,0.0257,0.0184
158,9/1/2014 18:45,-0.0251,0.0046,0.025,0.0163
159,9/1/2014 22:45,-0.0259,0.0032,0.0235,0.0155
160,9/2/2014 2:45,-0.0259,0.0025,0.0235,0.0148
161,9/2/2014 6:45,-0.0259,0.0025,0.0228,0.0148
162,9/2/2014 10:45,-0.0259,0.0032,0.0235,0.0155
163,9/2/2014 14:45,0.0076,0.0649,0.1586,0.0475
164,9/2/2014 18:45,0.0352,0.0802,0.1419,0.0671
165,9/2/2014 22:45,0.0395,0.086,0.1347,0.0722
166,9/3/2014 2:45,0.0431,0.0904,0.1303,0.0744
167,9/3/2014 6:45,0.0468,0.0925,0.1274,0.0758
168,9/3/2014 10:45,0.049,0.094,0.1252,0.0773
169,9/3/2014 14:45,0.0453,0.0918,0.1172,0.0707
170,9/3/2014 18:45,0.0424,0.0882,0.1078,0.0613
171,9/3/2014 22:45,0.0424,0.0867,0.1042,0.0606
172,9/4/2014 2:45,0.041,0.0853,0.1012,0.0606
173,9/4/2014 6:45,0.0402,0.0845,0.0998,0.0598
174,9/4/2014 10:45,0.0402,0.0845,0.0969,0.0584
175,9/4/2014 14:45,0.0322,0.0802,0.0882,0.049
176,9/4/2014 18:45,0.0272,0.0744,0.0795,0.0388
177,9/4/2014 22:45,0.0272,0.0722,0.0766,0.0381
178,9/5/2014 2:45,0.0264,0.0722,0.0751,0.0373
179,9/5/2014 6:45,0.0264,0.0707,0.0736,0.0366
180,9/5/2014 10:45,0.0243,0.0693,0.0707,0.0359
181,9/5/2014 14:45,0.0134,0.0642,0.0628,0.0315
182,9/5/2014 18:45,0.0068,0.0577,0.0555,0.0264
183,9/5/2014 22:45,0.0068,0.0555,0.0526,0.0257
184,9/6/2014 2:45,0.0068,0.0555,0.0511,0.0243
185,9/6/2014 6:45,0.0083,0.0548,0.0504,0.0235
186,9/6/2014 10:45,0.0054,0.0526,0.0497,0.025
187,9/6/2014 14:45,-0.0026,0.0475,0.0453,0.0257
188,9/6/2014 18:45,-0.0077,0.0417,0.0417,0.0235
189,9/6/2014 22:45,-0.0077,0.0395,0.0395,0.0214
190,9/7/2014 2:45,-0.0084,0.0388,0.0388,0.0214
191,9/7/2014 6:45,-0.0077,0.0381,0.0388,0.0206
192,9/7/2014 10:45,-0.0077,0.0373,0.0388,0.0214
193,9/7/2014 14:45,-0.0121,0.0337,0.0381,0.0228
194,9/7/2014 18:45,-0.0135,0.0308,0.0359,0.0206
195,9/7/2014 22:45,-0.0142,0.0301,0.0352,0.0199
196,9/8/2014 2:45,-0.0142,0.0293,0.0337,0.0177
197,9/8/2014 6:45,-0.0135,0.0293,0.0337,0.0184
198,9/8/2014 10:45,-0.015,0.0286,0.0344,0.0192
199,9/8/2014 14:45,-0.0164,0.0264,0.0344,0.0221
200,9/8/2014 18:45,-0.0171,0.0235,0.033,0.0199
201,9/8/2014 22:45,-0.0179,0.0221,0.0315,0.0184
202,9/9/2014 2:45,-0.0186,0.0214,0.0308,0.017
203,9/9/2014 6:45,-0.0186,0.0206,0.0308,0.0163
204,9/9/2014 10:45,-0.0179,0.0206,0.0308,0.0184
205,9/9/2014 14:45,-0.0179,0.0199,0.0315,0.0199
206,9/9/2014 18:45,-0.0186,0.0177,0.0315,0.0184
207,9/9/2014 22:45,-0.02,0.017,0.0301,0.0177
208,9/10/2014 2:45,-0.02,0.0163,0.0293,0.0163
209,9/10/2014 6:45,-0.0208,0.0163,0.0293,0.0163
210,9/10/2014 10:45,-0.02,0.0163,0.0301,0.017
211,9/10/2014 14:45,-0.02,0.017,0.0308,0.0192
212,9/10/2014 18:45,-0.02,0.0155,0.0301,0.0184
213,9/10/2014 22:45,-0.0208,0.0141,0.0286,0.017
214,9/11/2014 2:45,-0.0222,0.0134,0.0286,0.0163
215,9/11/2014 6:45,-0.023,0.0126,0.0279,0.0155
216,9/11/2014 10:45,-0.0215,0.0134,0.0286,0.0163
217,9/11/2014 14:45,-0.0208,0.0148,0.0301,0.0199
218,9/11/2014 18:45,-0.0215,0.0134,0.0286,0.017
219,9/11/2014 22:45,-0.023,0.0119,0.0272,0.0155
220,9/12/2014 2:45,-0.0237,0.0112,0.0264,0.0148
221,9/12/2014 6:45,-0.0244,0.0105,0.0264,0.0134
222,9/12/2014 10:45,-0.023,0.0112,0.0279,0.0148
223,9/12/2014 14:45,-0.0244,0.0141,0.0286,0.0184
224,9/12/2014 18:45,0.1463,0.2225,0.2218,0.2262
225,9/12/2014 22:45,0.1586,0.2291,0.2305,0.2218
226,9/13/2014 2:45,0.1412,0.2087,0.2167,0.2051
227,9/13/2014 6:45,0.1339,0.1971,0.2095,0.1971
228,9/13/2014 10:45,0.1288,0.1899,0.2051,0.1913
229,9/13/2014 14:45,0.1245,0.1848,0.2015,0.1877
230,9/13/2014 18:45,0.1209,0.1804,0.1978,0.1833
231,9/13/2014 22:45,0.1187,0.1775,0.1957,0.1811
232,9/14/2014 2:45,0.1165,0.1746,0.1935,0.1782
233,9/14/2014 6:45,0.115,0.1724,0.192,0.1768
234,9/14/2014 10:45,0.1129,0.171,0.1899,0.1753
235,9/14/2014 14:45,0.1107,0.1688,0.1891,0.1724
236,9/14/2014 18:45,0.1078,0.1644,0.1848,0.1673
237,9/14/2014 22:45,0.1056,0.1623,0.1826,0.1644
238,9/15/2014 2:45,0.1049,0.1608,0.1819,0.1637
239,9/15/2014 6:45,0.1042,0.1594,0.1811,0.1623
240,9/15/2014 10:45,0.1034,0.1586,0.1804,0.1615
241,9/15/2014 14:45,0.102,0.1579,0.179,0.1579
242,9/15/2014 18:45,0.1005,0.1557,0.1768,0.155
243,9/15/2014 22:45,0.0991,0.1543,0.1761,0.1543
244,9/16/2014 2:45,0.0983,0.1535,0.1753,0.1535
245,9/16/2014 6:45,0.0976,0.1521,0.1746,0.1521
246,9/16/2014 10:45,0.0969,0.1521,0.1739,0.1499
247,9/16/2014 14:45,0.0947,0.1485,0.171,0.1426
248,9/16/2014 18:45,0.0918,0.1441,0.1666,0.1368
249,9/16/2014 22:45,0.0904,0.1419,0.1652,0.1354
250,9/17/2014 2:45,0.0896,0.1397,0.1637,0.1347
251,9/17/2014 6:45,0.0889,0.139,0.163,0.1339
252,9/17/2014 10:45,0.0882,0.1383,0.163,0.1318
253,9/17/2014 14:45,0.0853,0.1354,0.1594,0.1245
254,9/17/2014 18:45,0.0824,0.1318,0.1535,0.1143
255,9/17/2014 22:45,0.0816,0.1296,0.1521,0.1143
256,9/18/2014 2:45,0.0809,0.1281,0.1514,0.1143
257,9/18/2014 6:45,0.0802,0.1274,0.1506,0.1143
258,9/18/2014 10:45,0.0802,0.1267,0.1492,0.1121
259,9/18/2014 14:45,0.0773,0.1238,0.1463,0.1056
260,9/18/2014 18:45,0.0824,0.1252,0.1477,0.1078
261,9/18/2014 22:45,0.0831,0.1267,0.1477,0.1071
262,9/19/2014 2:45,0.0831,0.1274,0.1477,0.1071
263,9/19/2014 6:45,0.0816,0.1274,0.1477,0.1063
264,9/19/2014 10:45,0.0816,0.1274,0.147,0.1071
265,9/19/2014 14:45,0.0787,0.1252,0.1441,0.0998
266,9/19/2014 18:45,0.0758,0.1216,0.1376,0.0925
267,9/19/2014 22:45,0.0744,0.1209,0.1361,0.0918
268,9/20/2014 2:45,0.0744,0.1201,0.1354,0.0918
269,9/20/2014 6:45,0.0736,0.1187,0.1347,0.0911
270,9/20/2014 10:45,0.0715,0.1172,0.1332,0.0896
271,9/20/2014 14:45,0.0657,0.1121,0.1274,0.0795
272,9/20/2014 18:45,0.062,0.1071,0.1201,0.07
273,9/20/2014 22:45,0.062,0.1063,0.1187,0.07
274,9/21/2014 2:45,0.062,0.1056,0.1172,0.0707
275,9/21/2014 6:45,0.0613,0.1049,0.1165,0.07
276,9/21/2014 10:45,0.0584,0.1034,0.115,0.0686
277,9/21/2014 14:45,0.0511,0.0962,0.1085,0.0591
278,9/21/2014 18:45,0.0482,0.0911,0.102,0.0526
279,9/21/2014 22:45,0.049,0.0911,0.0991,0.0519
280,9/22/2014 2:45,0.0497,0.0911,0.0991,0.0519
281,9/22/2014 6:45,0.049,0.0911,0.0983,0.0519
282,9/22/2014 10:45,0.0453,0.0874,0.0954,0.0497
283,9/22/2014 14:45,0.0359,0.0802,0.0889,0.0453
284,9/22/2014 18:45,0.0315,0.0744,0.0824,0.0402
285,9/22/2014 22:45,0.0337,0.0751,0.0809,0.0381
286,9/23/2014 2:45,0.0344,0.0744,0.0795,0.0373
287,9/23/2014 6:45,0.033,0.0744,0.0795,0.0373
288,9/23/2014 10:45,0.0308,0.0722,0.0773,0.0366
289,9/23/2014 14:45,0.0221,0.0657,0.0729,0.0366
290,9/23/2014 18:45,0.0184,0.0613,0.0678,0.033
291,9/23/2014 22:45,0.0206,0.0628,0.0671,0.0315
292,9/24/2014 2:45,0.0214,0.0628,0.0671,0.0308
293,9/24/2014 6:45,0.0214,0.0628,0.0664,0.0308
294,9/24/2014 10:45,0.0192,0.0606,0.0657,0.0315
295,9/24/2014 14:45,0.0105,0.0533,0.062,0.033
296,9/24/2014 18:45,0.0083,0.0482,0.0584,0.0301
297,9/24/2014 22:45,0.0097,0.049,0.0569,0.0279
298,9/25/2014 2:45,0.0112,0.0497,0.0562,0.0272
299,9/25/2014 6:45,0.0112,0.0504,0.0562,0.0264
300,9/25/2014 10:45,0.0083,0.0475,0.0555,0.0279
301,9/25/2014 14:45,0.0025,0.0417,0.0533,0.0293
302,9/25/2014 18:45,0.001,0.0395,0.0504,0.0264
303,9/25/2014 22:45,0.0025,0.0402,0.0504,0.0257
304,9/26/2014 2:45,0.0032,0.0402,0.0497,0.025
305,9/26/2014 6:45,0.0046,0.041,0.0497,0.0243
306,9/26/2014 10:45,0.001,0.0395,0.049,0.0257
307,9/26/2014 14:45,-0.0041,0.0344,0.0475,0.0264
308,9/26/2014 18:45,-0.0048,0.0322,0.0446,0.025
309,9/26/2014 22:45,-0.0041,0.0322,0.0446,0.0228
310,9/27/2014 2:45,-0.0026,0.033,0.0439,0.0221
311,9/27/2014 6:45,-0.0019,0.0337,0.0439,0.0214
312,9/27/2014 10:45,-0.0033,0.033,0.0431,0.0228
313,9/27/2014 14:45,-0.0077,0.0293,0.0431,0.0243
314,9/27/2014 18:45,-0.0084,0.0279,0.041,0.0228
315,9/27/2014 22:45,-0.0077,0.0279,0.0402,0.0214
316,9/28/2014 2:45,-0.0077,0.0286,0.0402,0.0206
317,9/28/2014 6:45,-0.007,0.0286,0.0402,0.0206
318,9/28/2014 10:45,-0.0077,0.0286,0.0395,0.0214
319,9/28/2014 14:45,-0.0106,0.0264,0.0402,0.0221
320,9/28/2014 18:45,-0.0106,0.025,0.0381,0.0214
321,9/28/2014 22:45,-0.0106,0.025,0.0373,0.0199
322,9/29/2014 2:45,-0.0106,0.025,0.0373,0.0184
323,9/29/2014 6:45,-0.0099,0.025,0.0366,0.0184
324,9/29/2014 10:45,-0.0106,0.025,0.0366,0.0192
325,9/29/2014 14:45,-0.0121,0.0235,0.0373,0.0214
326,9/29/2014 18:45,-0.0135,0.0221,0.0359,0.0206
327,9/29/2014 22:45,-0.0135,0.0221,0.0359,0.0184
328,9/30/2014 2:45,-0.0128,0.0221,0.0352,0.0184
329,9/30/2014 6:45,-0.0121,0.0221,0.0352,0.0177
330,9/30/2014 10:45,-0.0135,0.0221,0.0359,0.0192
331,9/30/2014 14:45,-0.015,0.0206,0.0359,0.0206
332,9/30/2014 18:45,-0.015,0.0199,0.0352,0.0192
333,9/30/2014 22:45,-0.0157,0.0199,0.0344,0.0177
334,10/1/2014 2:45,-0.015,0.0199,0.0337,0.017
335,10/1/2014 6:45,-0.015,0.0206,0.0337,0.0184
336,10/1/2014 10:45,-0.015,0.0206,0.0337,0.0184
337,10/1/2014 14:45,-0.0157,0.0192,0.0352,0.0199
338,10/1/2014 18:45,-0.0157,0.0184,0.0344,0.0192
339,10/1/2014 22:45,-0.0157,0.0184,0.033,0.0184
340,10/2/2014 2:45,-0.0157,0.0184,0.033,0.0184
341,10/2/2014 6:45,-0.0157,0.0192,0.033,0.0184
342,10/2/2014 10:45,-0.015,0.0192,0.0337,0.0184
343,10/2/2014 14:45,-0.0164,0.0177,0.0344,0.0206
344,10/2/2014 18:45,-0.0171,0.017,0.033,0.0192
345,10/2/2014 22:45,0.2,0.2015,0.2654,0.2879
346,10/3/2014 2:45,0.1477,0.192,0.2254,0.2218
347,10/3/2014 6:45,0.1339,0.1855,0.2124,0.208
348,10/3/2014 10:45,0.1267,0.1811,0.2051,0.1993
349,10/3/2014 14:45,0.1187,0.1761,0.1993,0.1942
350,10/3/2014 18:45,0.1136,0.1702,0.1928,0.184
351,10/3/2014 22:45,0.1107,0.1673,0.1899,0.1797
352,10/4/2014 2:45,0.1085,0.1644,0.1877,0.1775
353,10/4/2014 6:45,0.1056,0.1623,0.1848,0.1746
354,10/4/2014 10:45,0.1034,0.1608,0.1833,0.1732
355,10/4/2014 14:45,0.1005,0.1579,0.1811,0.1724
356,10/4/2014 18:45,0.0983,0.1543,0.1775,0.1666
357,10/4/2014 22:45,0.0969,0.1521,0.1753,0.1637
358,10/5/2014 2:45,0.0954,0.1506,0.1732,0.1615
359,10/5/2014 6:45,0.0947,0.1492,0.1717,0.1601
360,10/5/2014 10:45,0.0933,0.1485,0.1717,0.1601
361,10/5/2014 14:45,0.0896,0.1463,0.1695,0.1586
362,10/5/2014 18:45,0.0874,0.1434,0.1652,0.1528
363,10/5/2014 22:45,0.0882,0.1412,0.1644,0.1521
364,10/6/2014 2:45,0.0874,0.1405,0.163,0.1499
365,10/6/2014 6:45,0.0867,0.139,0.1623,0.1492
366,10/6/2014 10:45,0.1761,0.2487,0.2625,0.2843
367,10/6/2014 14:45,0.1572,0.2254,0.2385,0.2363
368,10/6/2014 18:45,0.147,0.2109,0.2247,0.2189
369,10/6/2014 22:45,0.1405,0.2022,0.2175,0.2109
370,10/7/2014 2:45,0.1361,0.1964,0.2124,0.2066
371,10/7/2014 6:45,0.1325,0.192,0.2095,0.2037
372,10/7/2014 10:45,0.1303,0.1891,0.208,0.2015
373,10/7/2014 14:45,0.1288,0.1877,0.2044,0.2008
374,10/7/2014 18:45,0.1252,0.1826,0.1993,0.1935
375,10/7/2014 22:45,0.123,0.1797,0.1978,0.1899
376,10/8/2014 2:45,0.1216,0.1775,0.1971,0.1884
377,10/8/2014 6:45,0.1201,0.1761,0.1957,0.1877
378,10/8/2014 10:45,0.1194,0.1753,0.1949,0.187
379,10/8/2014 14:45,0.1158,0.1724,0.1928,0.1862
380,10/8/2014 18:45,0.1143,0.1695,0.1891,0.1819
381,10/8/2014 22:45,0.1129,0.1681,0.1877,0.1797
382,10/9/2014 2:45,0.1114,0.1666,0.187,0.179
383,10/9/2014 6:45,0.1107,0.1659,0.1862,0.179
384,10/9/2014 10:45,0.1107,0.1652,0.1855,0.1782
385,10/9/2014 14:45,0.1063,0.0816,0.1833,0.2066
386,10/9/2014 18:45,0.1056,0.0802,0.1797,0.2051
387,10/9/2014 22:45,0.1049,0.0809,0.179,0.2015
388,10/10/2014 2:45,0.1042,0.0802,0.1775,0.2
389,10/10/2014 6:45,0.1027,0.0802,0.1768,0.1993
390,10/10/2014 10:45,0.102,0.0787,0.1768,0.2
391,10/10/2014 14:45,0.0998,0.078,0.1891,0.2313
392,10/10/2014 18:45,0.0991,0.0787,0.1862,0.232
393,10/10/2014 22:45,0.0983,0.0787,0.1848,0.2291
394,10/11/2014 2:45,0.0976,0.078,0.184,0.2284
395,10/11/2014 6:45,0.0976,0.078,0.1833,0.2269
396,10/11/2014 10:45,0.1012,0.086,0.2153,0.2407
397,10/11/2014 14:45,0.1078,0.094,0.2211,0.2472
398,10/11/2014 18:45,0.11,0.0911,0.2124,0.2414
399,10/11/2014 22:45,0.1085,0.0911,0.2087,0.2392
400,10/12/2014 2:45,0.1071,0.0896,0.2058,0.2378
401,10/12/2014 6:45,0.1063,0.0896,0.2037,0.2371
402,10/12/2014 10:45,0.1049,0.0882,0.2138,0.2407
403,10/12/2014 14:45,0.1034,0.0867,0.2095,0.24
404,10/12/2014 18:45,0.1034,0.0896,0.2087,0.2385
405,10/12/2014 22:45,0.1034,0.0889,0.2073,0.2378
406,10/13/2014 2:45,0.1027,0.0889,0.2058,0.2385
407,10/13/2014 6:45,0.1027,0.0874,0.2037,0.2371
408,10/13/2014 10:45,0.2443,0.4041,0.2806,0.253
409,10/13/2014 14:45,0.1891,0.1986,0.2429,0.2523
410,10/13/2014 18:45,0.1681,0.1775,0.2298,0.2436
411,10/13/2014 22:45,0.1579,0.1659,0.2233,0.2407
412,10/14/2014 2:45,0.1514,0.1586,0.2182,0.2385
413,10/14/2014 6:45,0.1463,0.1528,0.2146,0.2371
414,10/14/2014 10:45,0.1434,0.1499,0.2182,0.2414
415,10/14/2014 14:45,0.1383,0.1448,0.2131,0.2407
416,10/14/2014 18:45,0.1354,0.1368,0.2087,0.2334
417,10/14/2014 22:45,0.1332,0.1332,0.2058,0.2313
418,10/15/2014 2:45,0.131,0.1318,0.2037,0.2298
419,10/15/2014 6:45,0.1303,0.1296,0.2015,0.2291
420,10/15/2014 10:45,0.1288,0.1296,0.2095,0.2342
421,10/15/2014 14:45,0.1267,0.1303,0.2066,0.2363
422,10/15/2014 18:45,0.1259,0.1245,0.2029,0.2276
423,10/15/2014 22:45,0.1245,0.1223,0.2008,0.2254
424,10/16/2014 2:45,0.1238,0.1209,0.1993,0.224
425,10/16/2014 6:45,0.1223,0.1194,0.1978,0.2233
426,10/16/2014 10:45,0.1216,0.1194,0.2182,0.2291
427,10/16/2014 14:45,0.1194,0.1201,0.2116,0.2313
428,10/16/2014 18:45,0.1187,0.1165,0.2058,0.2218
429,10/16/2014 22:45,0.118,0.1143,0.2022,0.2196
430,10/17/2014 2:45,0.1172,0.1129,0.2,0.2182
431,10/17/2014 6:45,0.1165,0.1121,0.1978,0.2167
432,10/17/2014 10:45,0.1165,0.1121,0.2146,0.224
433,10/17/2014 14:45,0.1143,0.1129,0.2087,0.2262
434,10/17/2014 18:45,0.1136,0.11,0.2037,0.2182
435,10/17/2014 22:45,0.1129,0.1092,0.2,0.2153
436,10/18/2014 2:45,0.1121,0.1078,0.1978,0.2138
437,10/18/2014 6:45,0.1121,0.1071,0.1971,0.2131
438,10/18/2014 10:45,0.1121,0.1071,0.2189,0.2175
439,10/18/2014 14:45,0.11,0.1071,0.2124,0.2189
440,10/18/2014 18:45,0.1085,0.1049,0.2066,0.2116
441,10/18/2014 22:45,0.1085,0.1042,0.2037,0.2102
442,10/19/2014 2:45,0.1078,0.1034,0.2015,0.2087
443,10/19/2014 6:45,0.1078,0.102,0.1986,0.208
444,10/19/2014 10:45,0.1071,0.1012,0.208,0.2146
445,10/19/2014 14:45,0.1042,0.102,0.2044,0.2153
446,10/19/2014 18:45,0.1034,0.0998,0.2,0.208
447,10/19/2014 22:45,0.1034,0.0991,0.1971,0.2066
448,10/20/2014 2:45,0.1034,0.0983,0.1949,0.2044
449,10/20/2014 6:45,0.1027,0.0976,0.1942,0.2037
450,10/20/2014 10:45,0.1027,0.0969,0.2167,0.208
451,10/20/2014 14:45,0.0998,0.0976,0.2095,0.208
452,10/20/2014 18:45,0.0991,0.0954,0.2044,0.2022
453,10/20/2014 22:45,0.0991,0.0954,0.2015,0.2008
454,10/21/2014 2:45,0.0991,0.0947,0.1986,0.1993
455,10/21/2014 6:45,0.0991,0.094,0.1964,0.1986
456,10/21/2014 10:45,0.0991,0.0933,0.2153,0.2066
457,10/21/2014 14:45,0.0954,0.094,0.2087,0.208
458,10/21/2014 18:45,0.0954,0.0918,0.2037,0.2008
459,10/21/2014 22:45,0.0954,0.0911,0.2,0.1986
460,10/22/2014 2:45,0.0954,0.0904,0.1978,0.1971
461,10/22/2014 6:45,0.0954,0.0896,0.1964,0.1964
462,10/22/2014 10:45,0.0954,0.0889,0.2254,0.2015
463,10/22/2014 14:45,0.0918,0.0896,0.2146,0.2037
464,10/22/2014 18:45,0.0911,0.0874,0.2066,0.1957
465,10/22/2014 22:45,0.0911,0.0874,0.2029,0.1942
466,10/23/2014 2:45,0.0911,0.0867,0.2,0.1935
467,10/23/2014 6:45,0.0911,0.0867,0.1986,0.1928
468,10/23/2014 10:45,0.0904,0.086,0.2254,0.1993
469,10/23/2014 14:45,0.0874,0.086,0.216,0.2008
470,10/23/2014 18:45,0.0867,0.0845,0.2095,0.1957
471,10/23/2014 22:45,0.0874,0.0845,0.2058,0.1935
472,10/24/2014 2:45,0.0867,0.0838,0.2029,0.192
473,10/24/2014 6:45,0.0867,0.0838,0.2,0.1913
474,10/24/2014 10:45,0.0867,0.0831,0.2276,0.1949
475,10/24/2014 14:45,0.0824,0.0838,0.2182,0.1964
476,10/24/2014 18:45,0.0824,0.0816,0.2109,0.1899
477,10/24/2014 22:45,0.0824,0.0816,0.2073,0.1884
478,10/25/2014 2:45,0.0824,0.0809,0.2044,0.187
479,10/25/2014 6:45,0.0824,0.0802,0.2015,0.1855
480,10/25/2014 10:45,0.0816,0.0795,0.2262,0.1899
481,10/25/2014 14:45,0.078,0.0809,0.2175,0.192
482,10/25/2014 18:45,0.078,0.0787,0.2109,0.1862
483,10/25/2014 22:45,0.078,0.0787,0.2066,0.184
484,10/26/2014 2:45,0.078,0.078,0.2037,0.1833
485,10/26/2014 6:45,0.078,0.0773,0.2015,0.1826
486,10/26/2014 10:45,0.078,0.0773,0.2153,0.1928
487,10/26/2014 14:45,0.0729,0.0773,0.2102,0.1949
488,10/26/2014 18:45,0.0722,0.0758,0.2044,0.187
489,10/26/2014 22:45,0.0729,0.0758,0.2015,0.1855
490,10/27/2014 2:45,0.0729,0.0751,0.2,0.184
491,10/27/2014 6:45,0.0729,0.0744,0.1978,0.1833
492,10/27/2014 10:45,0.0722,0.0736,0.2066,0.1928
493,10/27/2014 14:45,0.0671,0.0744,0.2037,0.1935
494,10/27/2014 18:45,0.0657,0.0729,0.2,0.1877
495,10/27/2014 22:45,0.0671,0.0722,0.1986,0.1855
496,10/28/2014 2:45,0.0678,0.0722,0.1964,0.1848
497,10/28/2014 6:45,0.0678,0.0715,0.1949,0.184
498,10/28/2014 10:45,0.0671,0.0707,0.1993,0.1884
499,10/28/2014 14:45,0.0628,0.0715,0.1978,0.1891
500,10/28/2014 18:45,0.062,0.07,0.1957,0.1862
501,10/28/2014 22:45,0.0635,0.07,0.1942,0.1848
502,10/29/2014 2:45,0.0642,0.07,0.1935,0.184
503,10/29/2014 6:45,0.0642,0.07,0.1928,0.1833
504,10/29/2014 10:45,0.062,0.0693,0.192,0.1899
505,10/29/2014 14:45,0.0555,0.0686,0.1906,0.1899
506,10/29/2014 18:45,0.0548,0.0671,0.1884,0.1833
507,10/29/2014 22:45,0.0555,0.0671,0.1862,0.1811
508,10/30/2014 2:45,0.0562,0.0657,0.1848,0.1797
509,10/30/2014 6:45,0.0562,0.0649,0.1833,0.1782
510,10/30/2014 10:45,0.0562,0.0642,0.1833,0.1811
511,10/30/2014 14:45,0.0497,0.0642,0.1826,0.1826
512,10/30/2014 18:45,0.0475,0.0628,0.1811,0.1768
513,10/30/2014 22:45,0.049,0.0635,0.1797,0.1753
514,10/31/2014 2:45,0.0497,0.062,0.179,0.1739
515,10/31/2014 6:45,0.0504,0.0613,0.1775,0.1724
516,10/31/2014 10:45,0.0482,0.0606,0.1782,0.1746
517,10/31/2014 14:45,0.0417,0.0606,0.1775,0.1761
518,10/31/2014 18:45,0.0402,0.0591,0.1753,0.1695
519,10/31/2014 22:45,0.0417,0.0591,0.1739,0.1681
520,11/1/2014 2:45,0.0431,0.0577,0.1732,0.1666
521,11/1/2014 6:45,0.0439,0.0569,0.1717,0.1652
522,11/1/2014 10:45,0.041,0.0569,0.1717,0.1666
523,11/1/2014 14:45,0.0366,0.0562,0.1702,0.1688
524,11/1/2014 18:45,0.0366,0.0548,0.1688,0.1623
525,11/1/2014 22:45,0.0381,0.0548,0.1681,0.1608
526,11/2/2014 2:45,0.0395,0.054,0.1666,0.1594
527,11/2/2014 6:45,0.0395,0.0533,0.1659,0.1586
528,11/2/2014 10:45,0.0373,0.0533,0.1659,0.1608
529,11/2/2014 14:45,0.0308,0.0526,0.1659,0.163
530,11/2/2014 18:45,0.0301,0.0519,0.1637,0.1572
531,11/2/2014 22:45,0.0322,0.0526,0.1637,0.155
532,11/3/2014 2:45,0.033,0.0519,0.163,0.1535
533,11/3/2014 6:45,0.033,0.0511,0.1623,0.1535
534,11/3/2014 10:45,0.0322,0.0519,0.1623,0.1564
535,11/3/2014 14:45,0.0264,0.0511,0.1623,0.1579
536,11/3/2014 18:45,0.025,0.0504,0.1615,0.1528
537,11/3/2014 22:45,0.0272,0.0504,0.1608,0.1521
538,11/4/2014 2:45,0.0279,0.0511,0.1601,0.1521
539,11/4/2014 6:45,0.0286,0.0504,0.1601,0.1521
540,11/4/2014 10:45,0.0286,0.0504,0.1608,0.1557
541,11/4/2014 14:45,0.0235,0.0497,0.1601,0.1543
542,11/4/2014 18:45,0.0221,0.0482,0.1586,0.1506
543,11/4/2014 22:45,0.0976,0.1209,0.2218,0.2029
544,11/5/2014 2:45,0.1245,0.1252,0.2247,0.2146
545,11/5/2014 6:45,0.1209,0.1209,0.2153,0.216
546,11/5/2014 10:45,0.1172,0.1187,0.2116,0.2175
547,11/5/2014 14:45,0.1201,0.1252,0.2167,0.2225
548,11/5/2014 18:45,0.1891,0.2545,0.2756,0.24
549,11/5/2014 22:45,0.1608,0.1768,0.24,0.2363
550,11/6/2014 2:45,0.1615,0.1717,0.2407,0.2356
551,11/6/2014 6:45,0.1499,0.1572,0.2313,0.2334
552,11/6/2014 10:45,0.1434,0.1492,0.2262,0.2342
553,11/6/2014 14:45,0.1376,0.1383,0.2218,0.2327
554,11/6/2014 18:45,0.1339,0.1325,0.2305,0.2349
555,11/6/2014 22:45,0.131,0.1288,0.2211,0.2327
556,11/7/2014 2:45,0.1288,0.1267,0.216,0.2305
557,11/7/2014 6:45,0.1267,0.1245,0.2131,0.2291
558,11/7/2014 10:45,0.1245,0.1238,0.2284,0.2342
559,11/7/2014 14:45,0.1216,0.123,0.2189,0.2334
560,11/7/2014 18:45,0.1209,0.1194,0.2138,0.2284
561,11/7/2014 22:45,0.1201,0.1172,0.2102,0.2276
562,11/8/2014 2:45,0.1194,0.1158,0.2073,0.2269
563,11/8/2014 6:45,0.1172,0.1143,0.2051,0.2262
564,11/8/2014 10:45,0.1158,0.115,0.2211,0.232
565,11/8/2014 14:45,0.115,0.1143,0.2146,0.2305
566,11/8/2014 18:45,0.1136,0.1129,0.2102,0.2269
567,11/8/2014 22:45,0.1143,0.1114,0.2066,0.2262
568,11/9/2014 2:45,0.1136,0.11,0.2044,0.2254
569,11/9/2014 6:45,0.1129,0.11,0.2022,0.224
570,11/9/2014 10:45,0.1114,0.11,0.2204,0.232
571,11/9/2014 14:45,0.1085,0.11,0.2138,0.2313
572,11/9/2014 18:45,0.1092,0.1085,0.208,0.2262
573,11/9/2014 22:45,0.1092,0.1078,0.2051,0.2247
574,11/10/2014 2:45,0.1092,0.1063,0.2029,0.224
575,11/10/2014 6:45,0.1085,0.1056,0.2015,0.2233
576,11/10/2014 10:45,0.1071,0.1063,0.2146,0.2305
577,11/10/2014 14:45,0.1049,0.1056,0.2109,0.2305
578,11/10/2014 18:45,0.1049,0.1049,0.2066,0.2254
579,11/10/2014 22:45,0.1042,0.1042,0.2037,0.224
580,11/11/2014 2:45,0.1042,0.1042,0.2022,0.224
581,11/11/2014 6:45,0.1049,0.1042,0.2008,0.224
582,11/11/2014 10:45,0.1042,0.1034,0.2037,0.2291
583,11/11/2014 14:45,0.1027,0.1027,0.2022,0.2276
584,11/11/2014 18:45,0.1027,0.1012,0.1993,0.2247
585,11/11/2014 22:45,0.1027,0.1005,0.1978,0.224
586,11/12/2014 2:45,0.102,0.0998,0.1964,0.2225
587,11/12/2014 6:45,0.1012,0.0991,0.1949,0.2218
588,11/12/2014 10:45,0.1005,0.0983,0.2131,0.2284
589,11/12/2014 14:45,0.0976,0.0976,0.208,0.2276
590,11/12/2014 18:45,0.0976,0.0969,0.2044,0.2233
591,11/12/2014 22:45,0.0976,0.0969,0.2015,0.2225
592,11/13/2014 2:45,0.0976,0.0954,0.1993,0.2218
593,11/13/2014 6:45,0.0969,0.0954,0.1971,0.2204
594,11/13/2014 10:45,0.0954,0.0947,0.2044,0.2247
595,11/13/2014 14:45,0.0933,0.094,0.2022,0.224
596,11/13/2014 18:45,0.0933,0.0925,0.1993,0.2211
597,11/13/2014 22:45,0.0918,0.0925,0.1971,0.2196
598,11/14/2014 2:45,0.0918,0.0918,0.1949,0.2189
599,11/14/2014 6:45,0.0911,0.0904,0.1935,0.2182
600,11/14/2014 10:45,0.0911,0.0911,0.1964,0.2218
601,11/14/2014 14:45,0.0896,0.0904,0.1964,0.2218
602,11/14/2014 18:45,0.0896,0.0896,0.1957,0.2196
603,11/14/2014 22:45,0.0904,0.0896,0.1957,0.2196
604,11/15/2014 2:45,0.0911,0.0896,0.1949,0.2189
605,11/15/2014 6:45,0.0904,0.0889,0.1942,0.2182
606,11/15/2014 10:45,0.0889,0.0889,0.2073,0.2233
607,11/15/2014 14:45,0.0874,0.0889,0.2022,0.2218
608,11/15/2014 18:45,0.0874,0.0882,0.2008,0.2211
609,11/15/2014 22:45,0.0874,0.0882,0.1993,0.2211
610,11/16/2014 2:45,0.0889,0.0954,0.2095,0.2254
611,11/16/2014 6:45,0.1608,0.1949,0.2451,0.2334
612,11/16/2014 10:45,0.1463,0.1746,0.2342,0.2349
613,11/16/2014 14:45,0.1419,0.1615,0.2269,0.2334
614,11/16/2014 18:45,0.139,0.1528,0.2225,0.232
615,11/16/2014 22:45,0.1354,0.147,0.2196,0.232
616,11/17/2014 2:45,0.1325,0.1412,0.2167,0.2305
617,11/17/2014 6:45,0.1296,0.1368,0.2138,0.2291
618,11/17/2014 10:45,0.1274,0.1339,0.2211,0.2342
619,11/17/2014 14:45,0.1245,0.1332,0.2175,0.2327
620,11/17/2014 18:45,0.123,0.1281,0.2131,0.2284
621,11/17/2014 22:45,0.1216,0.1245,0.2102,0.2276
622,11/18/2014 2:45,0.1201,0.123,0.2087,0.2276
623,11/18/2014 6:45,0.1194,0.1216,0.2073,0.2276
624,11/18/2014 10:45,0.1201,0.1216,0.2073,0.2284
625,11/18/2014 14:45,0.1172,0.1223,0.2066,0.2291
626,11/18/2014 18:45,0.1165,0.1201,0.2044,0.2247
627,11/18/2014 22:45,0.1158,0.118,0.2022,0.224
628,11/19/2014 2:45,0.115,0.1165,0.2015,0.2233
629,11/19/2014 6:45,0.1143,0.1158,0.2008,0.2233
630,11/19/2014 10:45,0.1143,0.1165,0.2008,0.2254
631,11/19/2014 14:45,0.1136,0.1165,0.2015,0.2262
632,11/19/2014 18:45,0.1136,0.115,0.2,0.2218
633,11/19/2014 22:45,0.1136,0.1143,0.1986,0.2218
634,11/20/2014 2:45,0.1129,0.1136,0.1978,0.2218
635,11/20/2014 6:45,0.1129,0.1129,0.1971,0.2211
636,11/20/2014 10:45,0.1114,0.1136,0.1978,0.2225
637,11/20/2014 14:45,0.1107,0.1136,0.1986,0.2233
638,11/20/2014 18:45,0.1107,0.1129,0.1971,0.2211
639,11/20/2014 22:45,0.1107,0.1121,0.1964,0.2211
640,11/21/2014 2:45,0.1107,0.1143,0.1986,0.2233
641,11/21/2014 6:45,0.1136,0.123,0.2044,0.2276
642,11/21/2014 10:45,0.1238,0.1456,0.2305,0.2327
643,11/21/2014 14:45,0.1782,0.1935,0.2392,0.2363
644,11/21/2014 18:45,0.1746,0.1848,0.2342,0.2363
645,11/21/2014 22:45,0.179,0.1949,0.2516,0.2392
646,11/22/2014 2:45,0.1659,0.1746,0.2305,0.2363
647,11/22/2014 6:45,0.1586,0.1666,0.2254,0.2349
648,11/22/2014 10:45,0.1535,0.1608,0.2225,0.2349
649,11/22/2014 14:45,0.1506,0.1557,0.2196,0.2334
650,11/22/2014 18:45,0.1485,0.1521,0.2182,0.232
651,11/22/2014 22:45,0.3881,0.3562,0.253,2.5722
652,11/23/2014 2:45,0.2029,0.2189,0.2509,2.5722
653,11/23/2014 6:45,0.1957,0.1978,0.2472,2.5722
654,11/23/2014 10:45,0.1775,0.1833,0.2363,2.5722
655,11/23/2014 14:45,0.1652,0.171,0.2291,2.5722
656,11/23/2014 18:45,0.1572,0.1594,0.2225,0.5327
657,11/23/2014 22:45,0.1514,0.1535,0.2182,-0.1646
658,11/24/2014 2:45,0.1477,0.1499,0.216,-0.2358
659,11/24/2014 6:45,0.1463,0.1463,0.2138,-0.0782
660,11/24/2014 10:45,0.1419,0.1441,0.2116,-0.2358
661,11/24/2014 14:45,0.1383,0.1426,0.2102,-0.0099
662,11/24/2014 18:45,0.1368,0.1376,0.2073,-0.2408
663,11/24/2014 22:45,0.1354,0.1347,0.2051,-0.2096
664,11/25/2014 2:45,0.1332,0.1332,0.2037,-0.2016
665,11/25/2014 6:45,0.1332,0.1325,0.2015,-0.2024
666,11/25/2014 10:45,0.131,0.1325,0.2022,-0.1624
667,11/25/2014 14:45,0.1303,0.1325,0.2022,-0.1878
668,11/25/2014 18:45,0.1303,0.1296,0.2,-0.2772
669,11/25/2014 22:45,0.1288,0.1281,0.1986,-0.1929
670,11/26/2014 2:45,0.1288,0.1267,0.1971,-0.214
671,11/26/2014 6:45,0.1281,0.1259,0.1971,-0.2263
672,11/26/2014 10:45,0.1259,0.1259,0.1971,-0.1675
673,11/26/2014 14:45,0.1238,0.1259,0.1971,-0.2307
674,11/26/2014 18:45,0.1238,0.1238,0.1949,-0.1304
675,11/26/2014 22:45,0.1245,0.1223,0.1942,-0.328
676,11/27/2014 2:45,0.123,0.1216,0.1928,-0.304
677,11/27/2014 6:45,0.123,0.1209,0.1928,-0.3048
678,11/27/2014 10:45,0.1223,0.1209,0.1928,-0.2394
679,11/27/2014 14:45,0.1194,0.1209,0.192,-0.2488
680,11/27/2014 18:45,0.1201,0.1194,0.1913,-0.3512
681,11/27/2014 22:45,0.1201,0.118,0.1899,-0.3316
682,11/28/2014 2:45,0.118,0.1172,0.1891,-0.3266
683,11/28/2014 6:45,0.1172,0.1165,0.1884,-0.3149
684,11/28/2014 10:45,0.118,0.1165,0.1891,-0.2394
685,11/28/2014 14:45,0.1158,0.1172,0.1891,-0.2452
686,11/28/2014 18:45,0.1158,0.1165,0.1884,-0.3425
687,11/28/2014 22:45,0.1158,0.1158,0.1884,-0.1442
688,11/29/2014 2:45,0.1165,0.115,0.1877,-0.1464
689,11/29/2014 6:45,0.1158,0.115,0.1884,-0.1239
690,11/29/2014 10:45,0.1165,0.1158,0.1884,-0.105
691,11/29/2014 14:45,0.1143,0.1158,0.1884,-0.2249
692,11/29/2014 18:45,0.115,0.1143,0.1877,-0.3338
693,11/29/2014 22:45,0.1143,0.1143,0.1877,-0.052
694,11/30/2014 2:45,0.115,0.1136,0.187,-0.1101
695,11/30/2014 6:45,0.1143,0.1136,0.187,-0.1435
696,11/30/2014 10:45,0.1143,0.1136,0.1877,-0.2648
697,11/30/2014 14:45,0.1129,0.1136,0.1877,-0.2132
698,11/30/2014 18:45,0.1121,0.1121,0.1862,-0.2939
699,11/30/2014 22:45,0.1114,0.1121,0.1855,-0.2605
700,12/1/2014 2:45,0.1114,0.1121,0.1848,-0.2169
701,12/1/2014 6:45,0.1114,0.1121,0.1848,-0.2103
702,12/1/2014 10:45,0.1049,0.1121,0.1855,-0.2074
703,12/1/2014 14:45,0.1121,0.1114,0.184,-0.2546
704,12/1/2014 18:45,0.1158,0.1107,0.1833,-0.2881
705,12/1/2014 22:45,0.1071,0.11,0.1826,-0.2438
706,12/2/2014 2:45,0.1056,0.1092,0.1819,-0.2459
707,12/2/2014 6:45,0.118,0.1085,0.1811,-0.2612
708,12/2/2014 10:45,0.1194,0.1085,0.1811,-0.2735
709,12/2/2014 14:45,0.1223,0.1078,0.1811,-0.2793
710,12/2/2014 18:45,0.1216,0.1071,0.1804,-0.3411
711,12/2/2014 22:45,0.1216,0.1071,0.1804,-0.344
712,12/3/2014 2:45,0.1216,0.1071,0.1797,-0.2459
713,12/3/2014 6:45,0.1216,0.1071,0.1804,-0.2241
714,12/3/2014 10:45,0.1216,0.1071,0.1804,-0.2241
715,12/3/2014 14:45,0.1209,0.0998,0.1826,-0.0985
716,12/3/2014 18:45,0.1245,0.0998,0.1862,0.0366
717,12/3/2014 22:45,0.1252,0.0991,0.1862,-0.0193
718,12/4/2014 2:45,0.1252,0.0991,0.1862,-0.0767
719,12/4/2014 6:45,0.1252,0.0991,0.1855,-0.0171
720,12/4/2014 10:45,0.1259,0.0991,0.1949,0.0606
721,12/4/2014 14:45,0.1252,0.0991,0.1949,0.0235
722,12/4/2014 18:45,0.1252,0.0991,0.1942,0.1397
723,12/4/2014 22:45,0.1252,0.0983,0.1935,0.0148
724,12/5/2014 2:45,0.1252,0.0983,0.1942,0.0083
725,12/5/2014 6:45,0.1259,0.0983,0.1935,-0.0571
726,12/5/2014 10:45,0.1267,0.0983,0.2044,0.1361
727,12/5/2014 14:45,0.1259,0.0991,0.2037,0.0678
728,12/5/2014 18:45,0.1259,0.0991,0.2022,-0.0978
729,12/5/2014 22:45,0.1259,0.0983,0.2,-0.0963
730,12/6/2014 2:45,0.1259,0.0983,0.2,-0.1225
731,12/6/2014 6:45,0.1252,0.0983,0.1978,-0.0658
732,12/6/2014 10:45,0.1252,0.0983,0.1993,0.1949
733,12/6/2014 14:45,0.1245,0.0976,0.1993,0.0322
734,12/6/2014 18:45,0.1238,0.0976,0.1978,-0.0026
735,12/6/2014 22:45,0.1238,0.0969,0.1971,0.0322
736,12/7/2014 2:45,0.123,0.0969,0.1957,-0.0934
737,12/7/2014 6:45,0.123,0.0962,0.1949,-0.1355
738,12/7/2014 10:45,0.1223,0.0954,0.1949,0.1267
739,12/7/2014 14:45,0.1209,0.0947,0.1957,-0.0709
740,12/7/2014 18:45,0.1209,0.094,0.1942,-0.0157
741,12/7/2014 22:45,0.1209,0.094,0.1942,-0.0121
742,12/8/2014 2:45,0.1216,0.0933,0.1928,-0.1043
743,12/8/2014 6:45,0.1209,0.0925,0.192,-0.0861
744,12/8/2014 10:45,0.1209,0.0925,0.192,0.0824
745,12/8/2014 14:45,0.1187,0.0925,0.1928,-0.06
746,12/8/2014 18:45,0.1194,0.0918,0.192,-0.1123
747,12/8/2014 22:45,0.1201,0.0918,0.1913,-0.304
748,12/9/2014 2:45,0.1194,0.0911,0.1906,0.0802
749,12/9/2014 6:45,0.1201,0.0904,0.1899,0.0199
750,12/9/2014 10:45,0.118,0.0904,0.1899,-0.0861
751,12/9/2014 14:45,0.1172,0.0904,0.1906,-0.2808
752,12/9/2014 18:45,0.1187,0.0889,0.1906,-0.3447
753,12/9/2014 22:45,0.1187,0.0896,0.1891,-0.1791
754,12/10/2014 2:45,0.118,0.0889,0.1884,-0.0128
755,12/10/2014 6:45,0.1165,0.0882,0.1884,0.0519
756,12/10/2014 10:45,0.1172,0.0882,0.1884,-0.158
757,12/10/2014 14:45,0.1158,0.0882,0.1884,-0.2801
758,12/10/2014 18:45,0.1158,0.0874,0.1884,-0.3302
759,12/10/2014 22:45,0.115,0.0874,0.1877,-0.2546
760,12/11/2014 2:45,0.1158,0.0874,0.1877,-0.0004
761,12/11/2014 6:45,0.115,0.0882,0.1891,-0.1588
762,12/11/2014 10:45,0.1158,0.0889,0.1899,-0.2278
763,12/11/2014 14:45,0.1158,0.0882,0.1899,-0.1551
764,12/11/2014 18:45,0.1158,0.0882,0.1899,-0.243
765,12/11/2014 22:45,0.1165,0.0882,0.1891,-0.2278
766,12/12/2014 2:45,0.1165,0.0882,0.1891,-0.2408
767,12/12/2014 6:45,0.1165,0.0882,0.1891,-0.2743
768,12/12/2014 10:45,0.1165,0.0889,0.1906,1.373
769,12/12/2014 14:45,0.1165,0.0882,0.1906,-0.2031
770,12/12/2014 18:45,0.1165,0.0882,0.1899,-0.2757
771,12/12/2014 22:45,0.1165,0.0882,0.1891,-0.2793
772,12/13/2014 2:45,0.1158,0.0882,0.1891,-0.3266
773,12/13/2014 6:45,0.1172,0.0882,0.1884,-0.2801
774,12/13/2014 10:45,0.1121,0.0882,0.1891,0.7193
775,12/13/2014 14:45,0.1136,0.0874,0.1891,-0.1624
776,12/13/2014 18:45,0.115,0.0874,0.1891,-0.2103
777,12/13/2014 22:45,0.115,0.0867,0.1884,-0.2503
778,12/14/2014 2:45,0.1165,0.0874,0.1884,-0.1733
779,12/14/2014 6:45,0.1172,0.0874,0.1884,-0.1813
780,12/14/2014 10:45,0.118,0.0874,0.1899,-0.153
781,12/14/2014 14:45,0.1172,0.0867,0.1899,0.9075
782,12/14/2014 18:45,0.1121,0.086,0.1899,0.1143
783,12/14/2014 22:45,0.1172,0.086,0.1891,-0.1878
784,12/15/2014 2:45,0.1216,0.0925,0.208,-0.1304
785,12/15/2014 6:45,0.1245,0.0969,0.2044,-0.1413
786,12/15/2014 10:45,0.1252,0.0969,0.2051,0.0097
787,12/15/2014 14:45,0.1245,0.0962,0.2029,-0.1856
788,12/15/2014 18:45,0.1238,0.0947,0.1993,-0.1951
789,12/15/2014 22:45,0.1245,0.0947,0.1971,-0.1472
790,12/16/2014 2:45,0.1245,0.094,0.1957,-0.1878
791,12/16/2014 6:45,0.1245,0.0933,0.1942,-0.1653
792,12/16/2014 10:45,0.1238,0.0925,0.1935,-0.1886
793,12/16/2014 14:45,0.1223,0.0918,0.1935,0.1085
794,12/16/2014 18:45,0.1238,0.0904,0.192,-0.2808
795,12/16/2014 22:45,0.1238,0.0904,0.1906,-0.2016
796,12/17/2014 2:45,0.1223,0.0896,0.1906,-0.2031
797,12/17/2014 6:45,0.1223,0.0889,0.1891,-0.2009
798,12/17/2014 10:45,0.1216,0.0889,0.1913,-0.2024
799,12/17/2014 14:45,-0.4006,0.0882,0.1913,-0.2096
800,12/17/2014 18:45,-0.4006,0.0882,0.1906,-0.2706
801,12/17/2014 22:45,-0.4006,0.0882,0.1906,-0.2641
802,12/18/2014 2:45,-0.4006,0.0882,0.1906,-0.222
803,12/18/2014 6:45,-0.4006,0.0882,0.1906,-0.2212
804,12/18/2014 10:45,-0.4006,0.0882,0.1906,-0.1653
805,12/18/2014 14:45,-0.4006,0.0882,0.1913,-0.2125
806,12/18/2014 18:45,-0.4006,0.0874,0.1913,-0.3077
807,12/18/2014 22:45,-0.4006,0.0874,0.1913,1.0266
808,12/19/2014 2:45,-0.4006,0.0874,0.1906,0.2298
809,12/19/2014 6:45,-0.0636,0.2051,0.2581,-0.1653
810,12/19/2014 10:45,-0.0709,0.1957,0.2545,-0.06
811,12/19/2014 14:45,-0.1479,0.1862,0.2429,-0.1907
812,12/19/2014 18:45,-0.3926,0.1695,0.2313,-0.2641
813,12/19/2014 22:45,-0.3999,0.1601,0.2262,-0.3084
814,12/20/2014 2:45,-0.4006,0.1528,0.2225,-0.3033
815,12/20/2014 6:45,-0.4006,0.1485,0.2196,-0.2917
816,12/20/2014 10:45,-0.4006,0.1448,0.2189,-0.222
817,12/20/2014 14:45,-0.3999,0.1426,0.2182,-0.3396
818,12/20/2014 18:45,-0.3992,0.1383,0.2153,-0.312
819,12/20/2014 22:45,-0.3897,0.1354,0.2131,-0.2895
820,12/21/2014 2:45,-0.3832,0.1332,0.2109,-0.275
821,12/21/2014 6:45,-0.3825,0.1318,0.2102,-0.2801
822,12/21/2014 10:45,-0.3839,0.131,0.2116,-0.2263
823,12/21/2014 14:45,-0.3861,0.1318,0.2124,-0.2728
824,12/21/2014 18:45,-0.3839,0.1303,0.2102,-0.2605
825,12/21/2014 22:45,-0.3774,0.1288,0.2087,-0.2597
826,12/22/2014 2:45,-0.3832,0.1281,0.208,-0.2735
827,12/22/2014 6:45,-0.3926,0.1274,0.2073,-0.2801
828,12/22/2014 10:45,-0.3847,0.1274,0.2095,-0.2278
829,12/22/2014 14:45,-0.3847,0.1267,0.2095,-0.2162
830,12/22/2014 18:45,-0.3977,0.1252,0.208,-0.2045
831,12/22/2014 22:45,-0.3912,0.1238,0.2066,-0.222
832,12/23/2014 2:45,-0.389,0.123,0.2058,-0.2082
833,12/23/2014 6:45,-0.3868,0.1216,0.2044,-0.2329
834,12/23/2014 10:45,-0.3868,0.1216,0.2037,0.5668
835,12/23/2014 14:45,-0.3796,0.1245,0.2095,0.2284
836,12/23/2014 18:45,-0.3883,0.1238,0.208,-0.2801
837,12/23/2014 22:45,-0.3854,0.1216,0.2058,-0.2714
838,12/24/2014 2:45,-0.3854,0.1209,0.2044,-0.2888
839,12/24/2014 6:45,-0.3854,0.1201,0.2037,-0.2793
840,12/24/2014 10:45,-0.3876,0.1201,0.2051,-0.2103
841,12/24/2014 14:45,-0.3847,0.1209,0.2051,-0.243
842,12/24/2014 18:45,-0.3854,0.1187,0.2029,-0.3091
843,12/24/2014 22:45,-0.3825,0.118,0.2015,-0.3266
844,12/25/2014 2:45,-0.3839,0.1165,0.2008,-0.3004
845,12/25/2014 6:45,-0.3883,0.115,0.1993,-0.2902
846,12/25/2014 10:45,-0.3818,0.1158,0.2066,-0.2096
847,12/25/2014 14:45,-0.3788,0.1165,0.2058,-0.2416
848,12/25/2014 18:45,-0.3956,0.115,0.2029,0.9118
849,12/25/2014 22:45,-0.3963,0.1143,0.2022,0.2523
850,12/26/2014 2:45,-0.3956,0.1143,0.2008,0.4114
851,12/26/2014 6:45,-0.3861,0.1143,0.2,0.7128
852,12/26/2014 10:45,-0.3803,0.1143,0.2008,1.3745
853,12/26/2014 14:45,-0.3803,0.1143,0.2008,0.5581
854,12/26/2014 18:45,-0.3738,0.115,0.2008,0.7607
855,12/26/2014 22:45,-0.373,0.115,0.2008,1.0476
856,12/27/2014 2:45,-0.3723,0.115,0.2008,0.7622
857,12/27/2014 6:45,-0.1363,0.115,0.2022,0.8661
858,12/27/2014 10:45,-0.0491,0.1194,0.2087,1.604
859,12/27/2014 14:45,-0.0012,0.2211,0.2661,1.8371
860,12/27/2014 18:45,-0.0665,0.1797,0.2349,0.5901
861,12/27/2014 22:45,-0.1442,0.1666,0.2269,0.601
862,12/28/2014 2:45,0.0228,0.1586,0.2233,0.1862
863,12/28/2014 6:45,-0.0934,0.1746,0.2494,0.7557
864,12/28/2014 10:45,-0.052,0.1978,0.2654,1.044
865,12/28/2014 14:45,-0.0752,0.2407,0.2676,1.4159
866,12/28/2014 18:45,-0.0585,0.2,0.2661,0.5225
867,12/28/2014 22:45,-0.0716,0.1804,0.2392,0.3598
868,12/29/2014 2:45,-0.1196,0.171,0.2313,0.1855
869,12/29/2014 6:45,-0.1428,0.1644,0.2262,-0.0498
870,12/29/2014 10:45,-0.1203,0.1608,0.2276,2.1168
871,12/29/2014 14:45,-0.1152,0.1572,0.2247,0.0729
872,12/29/2014 18:45,-0.1101,0.1535,0.2225,-0.3316
873,12/29/2014 22:45,-0.1334,0.1506,0.2196,-0.0578
874,12/30/2014 2:45,-0.1326,0.1485,0.2182,0.3206
875,12/30/2014 6:45,-0.1479,0.1456,0.216,-0.3193
876,12/30/2014 10:45,-0.1595,0.1434,0.2153,-0.3142
877,12/30/2014 14:45,-0.1944,0.1419,0.2146,-0.2387
878,12/30/2014 18:45,-0.1958,0.1397,0.2124,-0.3062
879,12/30/2014 22:45,-0.214,0.1368,0.2102,-0.4006
880,12/31/2014 2:45,-0.2212,0.1354,0.2087,-0.4006
881,12/31/2014 6:45,-0.2096,0.1347,0.208,-0.304
882,12/31/2014 10:45,-0.2241,0.1339,0.208,-0.2699
883,12/31/2014 14:45,-0.2605,0.1347,0.208,-0.3658
884,12/31/2014 18:45,-0.2735,0.1325,0.2058,-0.3926
885,12/31/2014 22:45,-0.2822,0.131,0.2051,-0.4006
886,1/1/2015 2:45,-0.1472,0.1318,0.2073,-0.4006
887,1/1/2015 6:45,-0.0186,0.1695,0.2581,-0.2924
888,1/1/2015 10:45,-0.036,0.3177,0.2654,-0.1007
889,1/1/2015 14:45,-0.076,0.3162,0.2654,0.2821
890,1/1/2015 18:45,-0.1406,0.309,0.2625,-0.1813
891,1/1/2015 22:45,-0.0767,0.3467,0.2574,0.1964
892,1/2/2015 2:45,-0.1108,0.3366,0.2639,-0.1442
893,1/2/2015 6:45,-0.1508,0.2008,0.2574,-0.2379
894,1/2/2015 10:45,-0.1675,0.1848,0.2451,-0.2496
895,1/2/2015 14:45,-0.1958,0.1753,0.2363,-0.2183
896,1/2/2015 18:45,-0.1479,0.1928,0.256,-0.2278
897,1/2/2015 22:45,-0.1493,0.1746,0.2465,-0.2343
898,1/3/2015 2:45,-0.1435,0.3032,0.2552,-0.1798
899,1/3/2015 6:45,-0.0564,0.3068,0.253,0.1354
900,1/3/2015 10:45,-0.1268,0.3046,0.2625,-0.0338
901,1/3/2015 14:45,-0.1174,0.2124,0.2596,-0.0782
902,1/3/2015 18:45,-0.1624,0.1862,0.2567,-0.3048
903,1/3/2015 22:45,-0.1704,0.1724,0.2429,-0.267
904,1/4/2015 2:45,-0.2176,0.1644,0.2363,-0.283
905,1/4/2015 6:45,-0.2002,0.1586,0.232,-0.2982
906,1/4/2015 10:45,-0.2118,0.1557,0.2305,-0.2401
907,1/4/2015 14:45,-0.0484,0.1543,0.2276,-0.2822
908,1/4/2015 18:45,-0.1624,0.1477,0.2233,-0.3287
909,1/4/2015 22:45,-0.1464,0.1441,0.2204,-0.3433
910,1/5/2015 2:45,-0.2365,0.1412,0.2175,-0.3193
911,1/5/2015 6:45,-0.2583,0.1397,0.2153,-0.2844
912,1/5/2015 10:45,-0.2467,0.139,0.2153,-0.3055
913,1/5/2015 14:45,-0.3302,0.1412,0.2146,-0.2379
914,1/5/2015 18:45,-0.3752,0.1383,0.2124,-0.2641
915,1/5/2015 22:45,-0.3534,0.1354,0.2102,-0.2329
916,1/6/2015 2:45,-0.3542,0.1339,0.2102,-0.2082
917,1/6/2015 6:45,-0.3563,0.1325,0.208,-0.1871
918,1/6/2015 10:45,-0.32,0.1332,0.2087,-0.2343
919,1/6/2015 14:45,-0.4006,0.1347,0.2095,-0.1493
920,1/6/2015 18:45,-0.4006,0.1332,0.2073,-0.0876
921,1/6/2015 22:45,-0.4006,0.131,0.2058,-0.2445
922,1/7/2015 2:45,-0.3999,0.1296,0.2051,-0.1907
923,1/7/2015 6:45,-0.3985,0.1296,0.2044,-0.2561
924,1/7/2015 10:45,-0.3491,0.1288,0.2066,-0.2031
925,1/7/2015 14:45,-0.4006,0.1296,0.2073,-0.2735
926,1/7/2015 18:45,-0.4006,0.1274,0.2051,-0.3077
927,1/7/2015 22:45,-0.4006,0.1259,0.2037,-0.304
928,1/8/2015 2:45,-0.4006,0.1245,0.2022,-0.3324
929,1/8/2015 6:45,-0.4006,0.123,0.2015,-0.2176
930,1/8/2015 10:45,-0.4006,0.123,0.2015,-0.312
931,1/8/2015 14:45,-0.4006,0.1245,0.2008,-0.2067
932,1/8/2015 18:45,-0.4006,0.123,0.2,-0.312
933,1/8/2015 22:45,-0.4006,0.1223,0.1993,-0.3084
934,1/9/2015 2:45,-0.4006,0.1216,0.1993,-0.3077
935,1/9/2015 6:45,-0.2692,0.123,0.2037,-0.1849
936,1/9/2015 10:45,-0.0418,0.1274,0.2451,-0.2154
937,1/9/2015 14:45,-0.2314,0.1412,0.248,-0.1588
938,1/9/2015 18:45,-0.2154,0.1383,0.2327,-0.1762
939,1/9/2015 22:45,-0.2183,0.1361,0.2262,-0.2154
940,1/10/2015 2:45,-0.1944,0.1347,0.2218,-0.145
941,1/10/2015 6:45,-0.1784,0.1332,0.2175,-0.1508
942,1/10/2015 10:45,-0.158,0.1318,0.2182,-0.1406
943,1/10/2015 14:45,-0.174,0.131,0.2175,-0.182
944,1/10/2015 18:45,-0.23,0.1318,0.2204,-0.2525
945,1/10/2015 22:45,-0.2343,0.1332,0.2189,-0.2234
946,1/11/2015 2:45,-0.222,0.1325,0.2167,-0.2154
947,1/11/2015 6:45,-0.2321,0.131,0.2153,-0.1755
948,1/11/2015 10:45,-0.2278,0.1986,0.256,-0.0513
949,1/11/2015 14:45,-0.2111,0.301,0.256,-0.0905
950,1/11/2015 18:45,-0.2125,0.1899,0.2451,-0.166
951,1/11/2015 22:45,-0.222,0.1848,0.2422,0.0584
952,1/12/2015 2:45,-0.2191,0.1761,0.2342,-0.1246
953,1/12/2015 6:45,-0.2329,0.1695,0.2298,-0.0433
954,1/12/2015 10:45,-0.2125,0.1637,0.2313,0.0134
955,1/12/2015 14:45,-0.2452,0.1601,0.2276,-0.0774
956,1/12/2015 18:45,-0.259,0.155,0.224,-0.1355
957,1/12/2015 22:45,-0.2517,0.1521,0.2211,-0.1072
958,1/13/2015 2:45,-0.2488,0.1492,0.2189,-0.1326
959,1/13/2015 6:45,-0.2474,0.147,0.2175,-0.1363
960,1/13/2015 10:45,-0.2626,0.1456,0.2175,0.0003
961,1/13/2015 14:45,-0.2568,0.1448,0.2182,-0.0694
962,1/13/2015 18:45,-0.2038,0.1426,0.2153,-0.1639
963,1/13/2015 22:45,-0.182,0.139,0.2138,-0.2162
964,1/14/2015 2:45,-0.137,0.1376,0.2124,-0.2503
965,1/14/2015 6:45,-0.1326,0.1361,0.2109,-0.2205
966,1/14/2015 10:45,-0.1058,0.1354,0.2116,-0.0346
967,1/14/2015 14:45,-0.0999,0.1361,0.2116,-0.1551
968,1/14/2015 18:45,-0.2024,0.1339,0.2109,-0.1261
969,1/14/2015 22:45,-0.2496,0.1332,0.2095,-0.2002
970,1/15/2015 2:45,-0.2445,0.1325,0.208,-0.1748
971,1/15/2015 6:45,-0.2329,0.1318,0.208,-0.1639
972,1/15/2015 10:45,-0.2249,0.1318,0.2124,-0.1479
973,1/15/2015 14:45,-0.4006,0.1325,0.2124,-0.0259
974,1/15/2015 18:45,-0.4006,0.1303,0.208,-0.1551
975,1/15/2015 22:45,-0.3977,0.1281,0.2058,-0.1762
976,1/16/2015 2:45,-0.3839,0.1267,0.2058,-0.1849
977,1/16/2015 6:45,-0.3767,0.1252,0.2058,-0.2024
978,1/16/2015 10:45,-0.3033,0.1259,0.2087,-0.1334
979,1/16/2015 14:45,-0.4006,0.1281,0.2116,-0.2365
980,1/16/2015 18:45,-0.4006,0.1267,0.2102,0.2254
981,1/16/2015 22:45,-0.3999,0.1252,0.208,0.0707
982,1/17/2015 2:45,-0.368,0.1238,0.2087,0.1695
983,1/17/2015 6:45,-0.3999,0.123,0.2487,-0.1188
984,1/17/2015 10:45,-0.2706,0.1238,0.2363,-0.0673
985,1/17/2015 14:45,-0.4006,0.1252,0.2305,-0.2532
986,1/17/2015 18:45,-0.4006,0.1238,0.224,-0.2488
987,1/17/2015 22:45,-0.389,0.1223,0.2196,-0.2532
988,1/18/2015 2:45,-0.397,0.1216,0.2175,-0.2459
989,1/18/2015 6:45,-0.4006,0.1201,0.2342,-0.028
990,1/18/2015 10:45,-0.32,0.1209,0.2291,-0.0302
991,1/18/2015 14:45,-0.3897,0.1223,0.2262,-0.2053
992,1/18/2015 18:45,-0.4006,0.1209,0.2196,0.0686
993,1/18/2015 22:45,-0.4006,0.1194,0.216,-0.283
994,1/19/2015 2:45,-0.4006,0.118,0.2153,-0.2815
995,1/19/2015 6:45,-0.4006,0.118,0.2458,-0.2837
996,1/19/2015 10:45,-0.3098,0.118,0.2363,-0.2692
997,1/19/2015 14:45,-0.4006,0.1194,0.2305,-0.1043
998,1/19/2015 18:45,-0.4006,0.118,0.2233,-0.312
999,1/19/2015 22:45,-0.3999,0.1172,0.2196,-0.3244
1000,1/20/2015 2:45,-0.3861,0.1165,0.2175,-0.3164
1001,1/20/2015 6:45,-0.3542,0.1165,0.2225,-0.2641
1002,1/20/2015 10:45,-0.3077,0.1172,0.2254,-0.2684
1003,1/20/2015 14:45,-0.4006,0.118,0.2247,-0.2249
1004,1/20/2015 18:45,-0.4006,0.1165,0.2204,-0.2953
1005,1/20/2015 22:45,-0.3868,0.1158,0.2182,-0.312
1006,1/21/2015 2:45,-0.3338,0.1158,0.2175,-0.304
1007,1/21/2015 6:45,-0.3353,0.115,0.2182,-0.2568
1008,1/21/2015 10:45,-0.3396,0.115,0.2196,-0.2329
1009,1/21/2015 14:45,-0.4006,0.115,0.2189,-0.2278
1010,1/21/2015 18:45,-0.4006,0.1136,0.2167,-0.2583
1011,1/21/2015 22:45,-0.3382,0.1143,0.2175,-0.2866
1012,1/22/2015 2:45,-0.3178,0.115,0.2182,-0.2735
1013,1/22/2015 6:45,0.2378,0.1172,0.2414,-0.0941
1014,1/22/2015 10:45,0.139,0.3671,0.2668,-0.0302
1015,1/22/2015 14:45,-0.0723,0.3722,0.2603,0.1121
1016,1/22/2015 18:45,-0.1225,0.3722,0.2632,0.2596
1017,1/22/2015 22:45,-0.1813,0.3649,0.2719,-0.1827
1018,1/23/2015 2:45,-0.1813,0.2153,0.2676,-0.2408
1019,1/23/2015 6:45,-0.2024,0.1928,0.256,-0.2379
1020,1/23/2015 10:45,-0.1871,0.1819,0.2429,-0.2416
1021,1/23/2015 14:45,-0.166,0.1811,0.2458,-0.2387
1022,1/23/2015 18:45,-0.1878,0.1724,0.2378,-0.2474
1023,1/23/2015 22:45,-0.1544,0.1652,0.2327,-0.2692
1024,1/24/2015 2:45,-0.1566,0.1601,0.2298,-0.2859
